"video_id","title","published_date","duration","views","likes","comments","episode_type","guest_name","genre","video_link"
0,"Creating a Collaborative Phone Policy for Kids","2024-06-10","00:00:59",31448,1482,28,"Short Clip","Dr. Jonathan Haidt","Mental Health & Addiction","https://youtu.be/G1VUSu6sGoU?si=q5h0K4Lqoa82VDTx"
1,"Dr. Jonathan Haidt: How Smartphones & Social Media Impact Mental Health & the Realistic Solutions","2024-06-10","02:26:56",147268,4797,492,"Guest Episode","Dr. Jonathan Haidt","Mental Health & Addiction","https://youtu.be/csubiPlvFWk"
2,"LIVE EVENT Q&A: Dr. Andrew Huberman at the Brisbane Convention & Exhibition Centre","2024-06-07","00:53:09",40530,1178,134,"Live Event Q&A","Dr. Andrew Huberman","Live Event","https://youtu.be/-e9ErUozQo4?si=FXJYHD_X3i___XYn"
3,"Dr. Mary Claire Haver: How to Navigate Menopause & Perimenopause for Maximum Health & Vitality","2024-06-03","02:18:19",132530,4770,638,"Guest Episode","Dr. Mary Claire Haver","Hormone Health","https://youtu.be/6P8hrzjnetU"
4,"Brief Post-Meal Walks & Blood Sugar Regulation","2024-06-01","00:00:44",329947,15568,165,"Short Clip","Dr. Casey Means","Metabolism & Immunity","https://youtube.com/shorts/XY0rBdaDXD8?si=JMiDhQ7vp9lzVPH5"
5,"What Should You Do if You Get a Concussion?","2024-05-27","00:01:00",103800,3182,95,"Short Clip","Dr. Gary Steinberg","Injury & Recovery","https://youtube.com/shorts/bUr_9fgfnto?si=gNSS6sgBwGncFhWF"
6,"Dr. Diego Bohórquez: The Science of Your Gut Sense & the Gut-Brain Axis","2024-05-27","02:42:13",217158,5018,420,"Guest Episode","Dr. Diego Bohórquez","Gut Health","https://youtu.be/SZSRgyl7pyQ"
7,"Dr. Gary Steinberg: How to Improve Brain Health & Offset Neurodegeneration","2024-05-20","01:55:04",176548,4442,434,"Guest Episode","Dr. Gary Steinberg","Neurobiology & Physiology | Injury & Recovery | Supplements | Mental Health & Addiction | Fitness & Recovery","https://youtu.be/nqNEtdHVUjM?si=RnW6XsTiNFma4ftT"
8,"LIVE EVENT Q&A: Dr. Andrew Huberman at the ICC Sydney Theatre","2024-05-17","00:51:19",50236,1309,113,"Live Event Q&A","Dr. Andrew Huberman","Live Event","https://youtu.be/yOoVz9E9kfQ?si=KFW6crMJZ4zx61UB"
9,"Dr. James Hollis: How to Find Your True Purpose & Create Your Best Life","2024-05-13","02:39:48",582581,16887,1169,"Guest Episode","Dr. James Hollis","Psychological Health & Self-Development | Mental Health & Addiction | Emotions & Relationships | NSDR, Meditation & Rest","https://youtu.be/SyWC8ZFVxGo"
10,"Dr. Matt Walker: The Science of Dreams, Nightmares & Lucid Dreaming | Huberman Lab Guest Series","2024-05-08","02:33:06",297664,5799,701,"Guest Series","Dr. Matt Walker","Sleep","https://youtu.be/Jy4rJcYmtUM"
11,"Dr. Casey Means: Transform Your Health by Improving Metabolism, Hormone & Blood Sugar Regulation","2024-05-06","02:56:27",410696,9164,918,"Guest Episode","Dr. Casey Means","Metabolism & Immunity","https://youtu.be/8qaBpM73NSk"
12,"Dr. Matt Walker: Improve Sleep to Boost Mood & Emotional Regulation | Huberman Lab Guest Series","2024-05-01","02:15:14",192474,4120,371,"Guest Series","Dr. Matt Walker","Sleep","https://youtu.be/S_SrHS8FvMM"
13,"AMA #17: Making Time for Fitness, Top Sleep Tools & Best Learning Strategies","2024-04-30","00:25:30",90166,2677,111,"AMA","Dr. Andrew Huberman","Fitness & Recovery | Focus, Productivity & Creativity | The Science of Well-being","https://youtu.be/jGZ1mR9uLU0"
14,"Protocols to Strengthen & Pain Proof Your Back","2024-04-29","02:08:04",257693,7169,667,"Solo Episode","Dr. Andrew Huberman","Injury & Recovery | Fitness & Recovery | Neurobiology & Physiology","https://youtu.be/PVmQOLYckKQ"
15,"Dr. Matt Walker: Using Sleep to Improve Learning, Creativity & Memory | Huberman Lab Guest Series","2024-04-24","02:28:28",173096,4145,340,"Guest Series","Dr. Matt Walker","Sleep","https://youtu.be/F9KrZd_-ge0"
16,"The Impact of E-Cigarette and Vape Chemicals and Flavors on the Lungs and Brain","2024-04-22","00:01:00",68620,2597,157,"Short Clip","Dr. Bonnie Halpern-Felsher","Alcohol, Tobacco & Cannabis | Mental Health & Addiction | Neurobiology & Physiology","https://youtube.com/shorts/C3X0bUAiluE?si=LOeVdxVVRYMBV9B5"
17,"The NASA Nap Culture: Boosting Alertness & Productivity with Short Naps","2024-04-22","00:00:59",196966,8061,221,"Short Clip","Dr. Matt Walker","Sleep","https://youtube.com/shorts/xX6hiEmDmxs?si=KtEFfYA3WFNDabBp"
18,"Dr. Bonnie Halpern-Felsher: Vaping, Alcohol Use & Other Risky Youth Behaviors","2024-04-22","02:31:25",100337,2301,337,"Guest Episode","Dr. Bonnie Halpern-Felsher","Mental Health & Addiction | Alcohol, Tobacco & Cannabis | Psychological Health & Self-Development | Emotions & Relationships","https://youtu.be/zlc4VrDx_qk"
19,"The Importance of High Standards in Mentoring","2024-04-21","00:00:53",53811,2161,37,"Short Clip","Dr. David Yeager","Neuroplasticity, Habits & Goals","https://youtube.com/shorts/tcueMCe-0zo?si=sELcaqaQIXG75zXr"
20,"LIVE EVENT Q&A: Dr. Andrew Huberman at the Sydney Opera House","2024-04-19","00:52:54",72209,1736,133,"Live Event Q&A","Dr. Andrew Huberman","Live Event","https://youtu.be/GA89kjVY6Ik?si=oz4ZdZ81di0-GxCT"
21,"Dr. Matt Walker: How to Structure Your Sleep, Use Naps & Time Caffeine | Huberman Lab Guest Series","2024-04-17","02:18:59",291084,6082,514,"Guest Series","Dr. Matt Walker","Sleep","https://youtu.be/4F_RBc1akC8"
22,"Dr. David Yeager: How to Master Growth Mindset to Improve Performance","2024-04-15","02:26:10",447763,6464,440,"Guest Episode","Dr. David Yeager","Neuroplasticity, Habits & Goals","https://youtu.be/etEJrznE-c0"
23,"A Simple Solution for Quickly Returning to Sleep at Night","2024-04-12","00:00:56",379132,12264,425,"Short Clip","Dr. Matt Walker","Sleep","https://youtube.com/shorts/Ky-ZJ9SS-x4?si=DJ8v-QzQ68Ri7S-Y"
24,"How to Get Rid of Hiccups","2024-04-11","00:00:57",83823,5536,134,"Short Clip","Dr. Andrew Huberman","Neurobiology & Physiology | The Science of Well-being","https://youtu.be/LJYoc8rW_Og?si=QqJI_KRrpd3vWWea"
25,"How Body Position & Temperature Impact Sleep Stages & Quality","2024-04-10","00:01:00",321713,10778,229,"Short Clip","Dr. Matt Walker","Sleep","https://youtu.be/FLxIoNguGRU?si=mEEGGYTXF3BRTQt3"
26,"Dr. Matt Walker: Protocols to Improve Your Sleep | Huberman Lab Guest Series","2024-04-10","02:42:55",400052,8405,809,"Guest Series","Dr. Matt Walker","Sleep","https://youtu.be/hvPGfcAgk9Y"
27,"Coleman Ruiz: Overcoming Physical & Emotional Challenges","2024-04-08","03:18:03",421600,4472,429,"Guest Episode","Coleman Ruiz","Fitness & Recovery | Mental Health & Addiction | The Science of Well-being | Emotions & Relationships | Psychological Health & Self-Development","https://youtu.be/acgz0C-z-gc"
28,"Dr. Matt Walker: The Biology of Sleep & Your Unique Sleep Needs | Huberman Lab Guest Series","2024-04-03","02:59:34",584364,13328,1608,"Guest Series","Dr. Matt Walker","Sleep","https://youtu.be/-OBCwiPPfEU"
29,"Benefits & Risks of Peptide Therapeutics for Physical & Mental Health","2024-04-01","01:26:42",208614,6110,934,"Solo Episode","Dr. Andrew Huberman","Supplements | Injury & Recovery | Aging & Longevity | Hormone Health | Metabolism & Immunity","https://youtu.be/zU5EYw06wtw"
30,"Asi Wind: What Magic & Mind Reading Reveal About the Brain","2024-03-25","02:51:38",278122,5741,1220,"Guest Episode","Asi Wind","Focus, Productivity & Creativity | Learning & Memory | Psychological Health & Self-Development | Emotions & Relationships","https://youtu.be/kpTJqwIfHcM"
31,"LIVE EVENT Q&A: Dr. Andrew Huberman Question & Answer in Melbourne, AU","2024-03-22","00:58:26",120723,2869,274,"Live Event Q&A","Dr. Andrew Huberman","Live Event","https://youtu.be/ttNxNbqNQK4?si=lal3MIAdoAp4kX47"
32,"Dr. E.J. Chichilnisky: How the Brain Works, Curing Blindness & How to Navigate a Career Path","2024-03-18","02:00:06",136630,2838,308,"Guest Episode","Dr. E.J. Chichilnisky","Neurobiology & Physiology","https://youtu.be/oL3SkPV1_Ik"
33,"Dr. Cal Newport: How to Enhance Focus and Improve Productivity","2024-03-11","02:56:59",683043,17877,965,"Guest Episode","Dr. Cal Newport","Focus, Productivity & Creativity","https://youtu.be/p4ZfkezDTXQ"
34,"How Placebo Effects Work to Change Our Biology & Psychology","2024-03-04","01:18:16",157674,4820,519,"Solo Episode","Dr. Andrew Huberman","Neurobiology & Physiology","https://youtu.be/gdUNjPijwA8"
35,"AMA #16: Sleep, Vertigo, TBI, OCD, Tips for Travelers, Gut-Brain Axis & More","2024-02-29","00:56:49",107380,3083,331,"AMA","Dr. Andrew Huberman","Sleep | Neurobiology & Physiology | Mental Health & Addiction | Nutrition | Gut Health | Light Exposure & Circadian Rhythm | Supplements","https://youtu.be/gE0_8AjTFaM"
36,"Dr. Becky Kennedy: Protocols for Excellent Parenting & Improving Relationships of All Kinds","2024-02-26","02:54:02",1041358,16437,1073,"Guest Episode","Dr. Becky Kennedy","Emotions & Relationships","https://youtu.be/XT_6Lvkhxvo"
37,"Dr. Mark D'Esposito: How to Optimize Cognitive Function & Brain Health","2024-02-19","02:32:38",351385,7629,684,"Guest Episode","Dr. Mark D'Esposito","Neurobiology & Physiology | Learning & Memory | Neuroplasticity, Habits & Goals","https://youtu.be/HYVeP4F0GNU"
38,"Oral Health Protocols","2024-02-13","00:00:49",1098331,47523,790,"Short Clip","Dr. Andrew Huberman","Oral Health","https://youtu.be/QpoaNklmRPc?si=ikZ4wAjRjswfxNeZ"
39,"How to Improve Oral Health & Its Critical Role in Brain & Body Health","2024-02-12","02:00:27",656455,18485,2377,"Solo Episode","Dr. Andrew Huberman","Oral Health","https://youtu.be/zVCaYyUWWSw"
40,"Dr. Kay Tye: The Biology of Social Interactions and Emotions","2024-02-05","02:31:06",397678,7349,744,"Guest Episode","Dr. Kay Tye","Emotions & Relationships","https://youtu.be/V0Sdgn0_kFM"
41,"AMA #15: Fluoride Benefits/Risks & Vagus Nerve Stimulation","2024-02-01","00:29:03",100289,2939,426,"AMA","Dr. Andrew Huberman","Oral Health","https://youtu.be/j2sMqSDLd4k"
42,"Tools to Enhance Working Memory & Attention","2024-01-29","01:31:12",464155,12827,870,"Solo Episode","Dr. Andrew Huberman","Learning & Memory","https://youtu.be/CQlTmOFM4Qs"
43,"Journal Club with Dr. Peter Attia | Effects of Light & Dark on Mental Health & Treatments for Cancer","2024-01-22","03:08:32",210652,4597,428,"Journal Club","Dr. Peter Attia","Light Exposure & Circadian Rhythm","https://youtu.be/TG8VM5-CTfw"
44,"Dr. Sean Mackey: Tools to Reduce & Manage Pain","2024-01-15","02:56:42",405429,5756,734,"Guest Episode","Dr. Sean Mackey","Neurobiology & Physiology","https://youtu.be/K9lORz2_XSU"
45,"David Goggins on Controlling the Multi-Voice Dialogue in Your Mind","2024-01-09","00:00:59",175678,12624,177,"Short Clip","David Goggins","ADHD, Drive & Motivation","https://youtu.be/CuzL1qxUyHw?si=6_89hS16eTgPF4VA"
46,"Cold & Flu: When Are You Most Contagious?","2024-01-08","00:01:00",410355,18876,364,"Short Clip","Dr. Andrew Huberman","Metabolism & Immunity | Neurobiology & Physiology","https://youtu.be/CVh3_8e5u8I?si=odZfPlhHQ7DLNxbG"
47,"How to Prevent & Treat Colds & Flu","2024-01-08","02:05:49",783841,18515,1768,"Solo Episode","Dr. Andrew Huberman","Metabolism & Immunity","https://youtu.be/AtChcxeaukQ"
48,"David Goggins: How to Build Immense Inner Strength","2024-01-01","02:37:35",10870356,229834,11689,"Guest Episode","David Goggins","ADHD, Drive & Motivation","https://youtu.be/nDLb8_wgX50"
49,"AMA #14: 2023 Philanthropy, Evening Routine, Light Therapy, Health Metrics & More","2023-12-31","01:05:11",110401,3122,323,"AMA","Dr. Andrew Huberman","Introduction | Neurobiology & Physiology | Light Exposure & Circadian Rhythm | Fitness & Recovery | The Science of Well-being | Sleep | Psychological Health & Self-Development","https://youtu.be/zbpb1wd-wvs"
50,"Rick Rubin: Protocols to Access Creative Energy and Process","2023-12-25","02:28:09",1643520,23412,1398,"Guest Episode","Rick Rubin","Focus, Productivity & Creativity","https://youtu.be/GpgqXCkRO-w"
51,"Dr. Robert Lustig: How Sugar & Processed Foods Impact Your Health","2023-12-18","03:29:21",2950967,46188,5238,"Guest Episode","Dr. Robert Lustig","Nutrition | Metabolism & Immunity | Gut Health","https://youtu.be/n28W4AmvMDE"
52,"LIVE EVENT Q&A: Dr. Andrew Huberman Question & Answer in Chicago, IL","2023-12-13","00:54:44",105661,2836,183,"Live Event Q&A","Dr. Andrew Huberman","Live Event","https://youtu.be/LRM5LutB538?si=OUCucrqH276fOb17"
53,"Dr. Karen Parker: The Causes & Treatments for Autism","2023-12-11","02:56:28",329991,7290,1904,"Guest Episode","Dr. Karen Parker","Neurobiology & Physiology | Neuroplasticity, Habits & Goals","https://youtu.be/ccrbE0QHy94"
54,"Robert Greene: A Process for Finding & Achieving Your Unique Purpose","2023-12-04","03:11:18",8996274,86975,3712,"Guest Episode","Robert Greene","Emotions & Relationships","https://youtu.be/50BZQRT1dAg"
55,"AMA #13: Winter Months & Sickness, Wim Hof Breathing & Stressors","2023-11-30","00:24:18",166454,4553,296,"AMA","Dr. Andrew Huberman","NSDR, Meditation & Rest","https://youtu.be/xTtM2AvCRyA"
56,"How to Stop Hiccups Using a Science-Supported Tool","2023-11-27","00:00:57",343268,22099,433,"Short Clip","Dr. Andrew Huberman","Neurobiology & Physiology | The Science of Well-being","https://youtu.be/wG3UFHR1o48?si=wK8ww9KxWRdIclDw"
57,"Dr. Adam Grant: How to Unlock Your Potential, Motivation & Unique Abilities","2023-11-27","03:12:22",3144037,23704,1166,"Guest Episode","Dr. Adam Grant","Focus, Productivity & Creativity | ADHD, Drive & Motivation | Emotions & Relationships","https://youtu.be/3gtvNYa3Nd8"
58,"A Science-Supported Journaling Protocol to Improve Mental & Physical Health","2023-11-20","01:38:22",522168,15813,1202,"Solo Episode","Dr. Andrew Huberman","The Science of Well-being","https://youtu.be/wAZn9dF3XTo"
59,"LIVE EVENT Q&A: Dr. Andrew Huberman Question & Answer in Toronto, ON","2023-11-15","00:39:08",139909,3217,200,"Live Event Q&A","Dr. Andrew Huberman","Live Event","https://youtu.be/eC9fiJBdMG0?si=wk0P6BX6u01WajRd"
60,"How Tone of Voice Shapes Emotional State of Listeners","2023-11-14","00:00:58",2678711,157923,2279,"Short Clip","Chris Voss","Emotions & Relationships","https://youtu.be/W5zqC5cYcS0?si=7mOF9xzl8gmrq1IO"
61,"Dr. Natalie Crawford: Female Hormone Health, Fertility & Vitality","2023-11-13","03:27:34",358287,7284,689,"Guest Episode","Dr. Natalie Crawford","Hormone Health | Fertility","https://youtu.be/EhlIkzJwPlk"
62,"Dr. Michael Eisenberg: Improving Male Sexual Health, Function & Fertility","2023-11-06","02:37:14",493019,10455,793,"Guest Episode","Dr. Michael Eisenberg","Fertility | Hormone Health","https://youtu.be/pkJi9Raxikg"
63,"AMA #12: Thoughts on Longevity Supplements (Resveratrol, NR, NMN, Etc.) & How to Improve Memory","2023-10-31","00:29:08",222733,4418,402,"AMA","Dr. Andrew Huberman","Aging & Longevity | Learning & Memory","https://youtu.be/qJ3uV7coZbA"
64,"Mental Health Toolkit: Tools to Bolster Your Mood & Mental Health","2023-10-30","02:04:12",464241,11536,712,"Solo Episode","Dr. Andrew Huberman","Mental Health & Addiction","https://youtu.be/CJIXbibQ0jI"
65,"Mark Zuckerberg & Dr. Priscilla Chan: Curing All Human Diseases & the Future of Health & Technology","2023-10-23","02:15:32",490927,12970,3692,"Guest Episode","Mark Zuckerberg & Dr. Priscilla Chan","Neurobiology & Physiology | The Science of Well-being | Technology & Health | Learning & Memory | Metabolism & Immunity | Focus, Productivity & Creativity","https://youtu.be/1Wo6SqLNmLk"
66,"Dr. Lisa Feldman Barrett: How to Understand Emotions | Huberman Lab Podcast","2023-10-16","02:39:04",1370434,17380,1747,"Guest Episode","Dr. Lisa Feldman Barrett","Emotions & Relationships","https://youtu.be/FeRgqJVALMQ"
67,"How to Increase Your Willpower & Tenacity | Huberman Lab Podcast","2023-10-09","02:07:59",681375,17072,1316,"Solo Episode","Dr. Andrew Huberman","Focus, Productivity & Creativity | Neuroplasticity, Habits & Goals | Mental Health & Addiction | Neurobiology & Physiology | Sleep","https://youtu.be/cwakOgHIT0E"
68,"Chris Voss: How to Succeed at Hard Conversations","2023-10-02","02:53:29",3041883,29052,1199,"Guest Episode","Chris Voss","Emotions & Relationships","https://youtu.be/q8CHXefn7B4"
69,"AMA #11: Improve Task Switching & Productivity and Reduce Brain Fog","2023-09-29","00:34:37",131540,3626,159,"AMA","Dr. Andrew Huberman","Focus, Productivity & Creativity","https://youtu.be/7Ey_vTTgJGc"
70,"Dr. Paul Conti: Tools and Protocols for Mental Health | Huberman Lab Guest Series","2023-09-27","02:41:13",349826,6688,579,"Guest Series","Dr. Paul Conti","Mental Health & Addiction | Emotions & Relationships","https://youtu.be/yOJvm_ri_hk"
71,"U.S. Surgeon General Dr. Vivek Murthy: Efforts & Challenges in Promoting Public Health","2023-09-25","02:33:49",86148,1922,806,"Guest Episode","U.S. Surgeon General Dr. Vivek Murthy","The Science of Well-being | Mental Health & Addiction | Nutrition","https://youtu.be/qNzl12g0Dd8"
72,"Dr. Paul Conti: How to Build and Maintain Healthy Relationships | Huberman Lab Guest Series","2023-09-20","03:04:38",561761,9843,620,"Guest Series","Dr. Paul Conti","Mental Health & Addiction | Emotions & Relationships","https://youtu.be/eMqWH3LYiII"
73,"How to Use Music to Boost Motivation, Mood & Improve Learning | Huberman Lab Podcast","2023-09-18","01:44:26",569735,17089,1287,"Solo Episode","Dr. Andrew Huberman","Learning & Memory | ADHD, Drive & Motivation | Mental Health & Addiction","https://youtu.be/gveDhZW-rUk"
74,"Dr. Paul Conti: How to Improve Your Mental Health | Huberman Lab Guest Series","2023-09-13","03:15:18",599190,9524,715,"Guest Series","Dr. Paul Conti","Mental Health & Addiction | Emotions & Relationships","https://youtu.be/qPKd99Pa2iU"
75,"Journal Club with Dr. Peter Attia | Metformin for Longevity & The Power of Belief Effects","2023-09-11","02:21:19",294335,6521,542,"Journal Club","Dr. Peter Attia","Aging & Longevity | The Science of Well-being","https://youtu.be/z8c6EyMNd0A"
76,"Dr. Paul Conti: How to Understand & Assess Your Mental Health | Huberman Lab Guest Series","2023-09-06","03:42:50",10617626,66573,3660,"Guest Series","Dr. Paul Conti","Mental Health & Addiction | Emotions & Relationships","https://youtu.be/tLRCS48Ens4"
77,"Marc Andreessen: How Risk Taking, Innovation & Artificial Intelligence Transform Human Experience","2023-09-04","02:57:02",485792,5133,527,"Guest Episode","Marc Andreessen","Focus, Productivity & Creativity","https://youtu.be/yixIc1Ai6jM"
78,"AMA #10: Benefits of Nature & “Grounding,"" Hearing Loss Research & Avoiding Altitude Sickness","2023-08-30","00:21:34",202980,4697,419,"AMA","Dr. Andrew Huberman","The Science of Well-being | Neurobiology & Physiology","https://youtu.be/eJU6Df_ffAE"
79,"Goals Toolkit: How to Set & Achieve Your Goals","2023-08-28","01:34:37",874288,22473,894,"Solo Episode","Dr. Andrew Huberman","Neuroplasticity, Habits & Goals | The Science of Well-being","https://youtu.be/CrtR12PBKb0"
80,"Dr. David Linden: Life, Death & the Neuroscience of Your Unique Experience","2023-08-21","02:36:47",522998,7211,733,"Guest Episode","Dr. David Linden","Neurobiology & Physiology | Neuroplasticity, Habits & Goals","https://youtu.be/29n0WG317tM"
81,"Dr. Rena Malik: Improving Sexual & Urological Health in Males and Females","2023-08-14","02:54:30",1646666,30324,1540,"Guest Episode","Dr. Rena Malik","Fertility | Hormone Health","https://youtu.be/F54qXuTpgfM"
82,"Ketamine: Benefits and Risks for Depression, PTSD & Neuroplasticity | Huberman Lab Podcast","2023-08-07","01:42:41",377868,8503,1277,"Solo Episode","Dr. Andrew Huberman","Mental Health & Addiction | Neuroplasticity, Habits & Goals","https://youtu.be/Rxmv7rT9leo"
83,"Tony Hawk: Harnessing Passion, Drive & Persistence for Lifelong Success","2023-07-31","02:15:19",216914,4993,478,"Guest Episode","Tony Hawk","The Science of Well-being | Focus, Productivity & Creativity","https://youtu.be/VOfwbcveP84"
84,"AMA #9: Kratom Risks, Does Infrared Sauna Work & Journaling Benefits","2023-07-28","00:26:32",119929,2429,880,"AMA","Dr. Andrew Huberman","Alcohol, Tobacco & Cannabis | Mental Health & Addiction | Supplements | Neurobiology & Physiology","https://youtu.be/HoH93judXmE"
85,"Dr. Maya Shankar: How to Shape Your Identity & Goals","2023-07-24","02:33:56",1011308,14272,1096,"Guest Episode","Dr. Maya Shankar","The Science of Well-being | Neuroplasticity, Habits & Goals","https://youtu.be/X8Hw8zeCDTA"
86,"How to Enhance Performance & Learning by Applying a Growth Mindset","2023-07-17","01:41:24",1210901,30929,1378,"Solo Episode","Dr. Andrew Huberman","The Science of Well-being | Learning & Memory","https://youtu.be/aQDOU3hPci0"
87,"Dr. Robert Malenka: How Your Brain’s Reward Circuits Drive Your Choices","2023-07-10","02:50:03",1025692,10588,893,"Guest Episode","Dr. Robert Malenka","ADHD, Drive & Motivation","https://youtu.be/RI112zW8GDw"
88,"Science-Supported Tools to Accelerate Your Fitness Goals","2023-07-03","01:35:40",633245,14352,653,"Solo Episode","Dr. Andrew Huberman","Fitness & Recovery","https://youtu.be/LYYyQcAJZfk"
89,"Dr. Jeffrey Goldberg: How to Improve Your Eye Health & Offset Vision Loss","2023-06-26","03:08:45",3559656,34950,1345,"Guest Episode","Dr. Jeffrey Goldberg","Neurobiology & Physiology","https://youtu.be/_ltcLEM-5HU"
90,"AMA #8: Balancing Caffeine, Decision Fatigue & Social Isolation","2023-06-23","00:25:21",170386,4433,282,"AMA","Dr. Andrew Huberman","Caffeine Science","https://youtu.be/FE0lTEUa7EY"
91,"Tim Ferriss: How to Learn Better & Create Your Best Future | Huberman Lab Podcast","2023-06-19","03:39:09",829404,16744,813,"Guest Episode","Tim Ferriss","Emotions & Relationships | Learning & Memory | The Science of Well-being","https://youtu.be/doupx8SAs5Y"
92,"The Science of MDMA & Its Therapeutic Uses: Benefits & Risks | Huberman Lab Podcast","2023-06-12","02:17:35",334370,6507,1223,"Solo Episode","Dr. Andrew Huberman","Neuroplasticity, Habits & Goals | Mental Health & Addiction","https://youtu.be/slUCmZJDXrk"
93,"Dr. Immordino-Yang: How Emotions & Social Factors Impact Learning | Huberman Lab Podcast","2023-06-05","02:41:22",362094,5967,621,"Guest Episode","Dr. Immordino-Yang","Learning & Memory | Emotions & Relationships","https://youtu.be/S8jWFcDGz4Y"
94,"AMA #7: Cold Exposure, Maximizing REM Sleep & My Next Scientific Studies","2023-05-31","00:22:21",132454,3426,177,"AMA","Dr. Andrew Huberman","Sleep","https://youtu.be/dicP_kA-RA0"
95,"Adderall, Stimulants & Modafinil for ADHD: Short- & Long-Term Effects | Huberman Lab Podcast","2023-05-29","02:02:12",1129228,24941,3165,"Solo Episode","Dr. Andrew Huberman","ADHD, Drive & Motivation | Neurobiology & Physiology","https://youtu.be/sxgCC4H1dl8"
96,"Dr. Robin Carhart-Harris: The Science of Psychedelics for Mental Health | Huberman Lab Podcast","2023-05-22","02:37:09",641115,10962,1608,"Guest Episode","Dr. Robin Carhart-Harris","Neuroplasticity, Habits & Goals","https://youtu.be/fcxjwA4C4Cw"
97,"Dr. Susanna Søberg: How to Use Cold & Heat Exposure to Improve Your Health | Huberman Lab Podcast","2023-05-15","02:30:35",626287,11547,1052,"Guest Episode","Dr. Susanna Søberg","Heat & Cold Exposure","https://youtu.be/x3MgDtZovks"
98,"How Psilocybin Can Rewire Our Brain, Its Therapeutic Benefits & Its Risks | Huberman Lab Podcast","2023-05-08","02:09:02",2209826,47510,5214,"Solo Episode","Dr. Andrew Huberman","Neuroplasticity, Habits & Goals | Mental Health & Addiction","https://youtu.be/eIxVfln02Ss"
99,"Dr. Noam Sobel: How Smells Influence Our Hormones, Health & Behavior | Huberman Lab Podcast","2023-05-01","03:13:16",3091632,17956,1462,"Guest Episode","Dr. Noam Sobel","Neurobiology & Physiology | Hormone Health","https://youtu.be/cS7cNaBrkxo"
100,"AMA #6: Eye Health, Why We Yawn & Increasing Motivation","2023-04-27","00:36:14",128468,3664,270,"AMA","Dr. Andrew Huberman","Neurobiology & Physiology","https://youtu.be/uWV9a3zEaL4"
101,"Science-Based Mental Training & Visualization for Improved Learning | Huberman Lab Podcast","2023-04-24","01:59:47",719106,18380,777,"Solo Episode","Dr. Andrew Huberman","Learning & Memory","https://youtu.be/0RYyQRQFgFk"
102,"Dr. Matthew MacDougall: Neuralink & Technologies to Enhance Human Brains | Huberman Lab Podcast","2023-04-17","02:01:41",227830,5448,716,"Guest Episode","Dr. Matthew MacDougall","Neuroplasticity, Habits & Goals | Neurobiology & Physiology","https://youtu.be/3ZGItIAUQmI"
103,"The Science of Healthy Hair, Hair Loss and How to Regrow Hair | Huberman Lab Podcast","2023-04-10","02:04:48",2564226,55992,4354,"Solo Episode","Dr. Andrew Huberman","Aging & Longevity","https://youtu.be/6ZrlsVx85ek"
104,"Dr. Elissa Epel: Control Stress for Healthy Eating, Metabolism & Aging | Huberman Lab Podcast","2023-04-03","02:05:51",582739,12033,906,"Guest Episode","Dr. Elissa Epel","The Science of Well-being | Aging & Longevity","https://youtu.be/ulHrUVV3Kq4"
105,"Leverage Dopamine to Overcome Procrastination & Optimize Effort | Huberman Lab Podcast","2023-03-27","01:58:49",1403803,33402,1988,"Solo Episode","Dr. Andrew Huberman","ADHD, Drive & Motivation","https://youtu.be/K-TW2Chpz4k"
106,"AMA #5: Intrusive Thoughts, CGMs, Behavioral Change, Naps & NSDR","2023-03-24","00:23:27",176419,5239,326,"AMA","Dr. Andrew Huberman","NSDR, Meditation & Rest","https://youtu.be/cp9GXl9Qk_s"
107,"Dr. Peter Attia: Improve Vitality, Emotional & Physical Health & Lifespan | Huberman Lab Podcast","2023-03-20","03:29:56",2425795,27358,1843,"Guest Episode","Dr. Peter Attia","Aging & Longevity","https://youtu.be/ufsIA5NARIo"
108,"Dr. Satchin Panda: Intermittent Fasting to Improve Health, Cognition & Longevity | Huberman Lab","2023-03-13","02:49:07",954142,16219,1380,"Guest Episode","Dr. Satchin Panda","Nutrition | Light Exposure & Circadian Rhythm | Aging & Longevity","https://youtu.be/7R3-3HR6-u4"
109,"How to Optimize Your Water Quality & Intake for Health | Huberman Lab Podcast","2023-03-06","02:22:23",1387099,23932,2296,"Solo Episode","Dr. Andrew Huberman","Nutrition","https://youtu.be/at37Y8rKDlA"
110,"Dr. Oded Rechavi: Genes & the Inheritance of Memories Across Generations | Huberman Lab Podcast","2023-02-27","02:32:01",720878,13618,1295,"Guest Episode","Dr. Oded Rechavi","Emotions & Relationships | Neurobiology & Physiology","https://youtu.be/CDUetQMKM6g"
111,"AMA #4: Maintain Motivation, Improve REM Sleep, Set Goals, Manage Anxiety & More","2023-02-24","00:23:14",247018,8709,246,"AMA","Dr. Andrew Huberman","Neuroplasticity, Habits & Goals | Sleep | The Science of Well-being","https://youtu.be/S8nPJU9xkNw"
112,"Dr. Andy Galpin: Optimal Nutrition & Supplementation for Fitness | Huberman Lab Guest Series","2023-02-22","03:05:34",4772834,37053,1530,"Guest Series","Dr. Andy Galpin","Fitness & Recovery | Nutrition","https://youtu.be/q37ARYnRDGc"
113,"How to Breathe Correctly for Optimal Health, Mood, Learning & Performance | Huberman Lab Podcast","2023-02-20","02:18:50",1124282,28566,1695,"Solo Episode","Dr. Andrew Huberman","NSDR, Meditation & Rest | Learning & Memory | Mental Health & Addiction","https://youtu.be/x4m_PdFbu-s"
114,"Dr. Andy Galpin: Maximize Recovery to Achieve Fitness & Performance Goals | Huberman Lab","2023-02-15","03:05:06",700977,10155,590,"Guest Series","Dr. Andy Galpin","Fitness & Recovery","https://youtu.be/juD99_sPWGU"
115,"Dr. Gina Poe: Use Sleep to Enhance Learning, Memory & Emotional State | Huberman Lab Podcast","2023-02-13","02:05:41",758521,16941,995,"Guest Episode","Dr. Gina Poe","Learning & Memory | Neuroplasticity, Habits & Goals | Sleep","https://youtu.be/BMTt8gSl13s"
116,"Dr. Andy Galpin: Optimize Your Training Program for Fitness & Longevity | Huberman Lab Guest Series","2023-02-08","03:06:08",1444740,12436,670,"Guest Series","Dr. Andy Galpin","Fitness & Recovery","https://youtu.be/UIy-WQCZd4M"
117,"How to Stop Headaches Using Science-Based Approaches | Huberman Lab Podcast","2023-02-06","02:26:44",443412,10211,1263,"Solo Episode","Dr. Andrew Huberman","Neurobiology & Physiology","https://youtu.be/CGjdgy0cwGk"
118,"Dr. Andy Galpin: How to Build Physical Endurance & Lose Fat | Huberman Lab Guest Series","2023-02-01","03:48:53",4833082,41550,1656,"Guest Series","Dr. Andy Galpin","Fitness & Recovery","https://youtu.be/oNkDA2F7CjM"
119,"Dr. Sara Gottfried: How to Optimize Female Hormone Health for Vitality & Longevity | Huberman Lab","2023-01-30","02:35:05",1946830,50361,4838,"Guest Episode","Dr. Sara Gottfried","Fertility | Hormone Health","https://youtu.be/GVRDGQhoEYQ"
120,"Dr. Andy Galpin: Optimal Protocols to Build Strength & Grow Muscles | Huberman Lab Guest Series","2023-01-25","04:39:24",1371188,25328,1281,"Guest Series","Dr. Andy Galpin","Fitness & Recovery","https://youtu.be/CyDLbrZK75U"
121,"How to Optimize Fertility in Males & Females","2023-01-23","04:22:15",299358,6263,820,"Solo Episode","Dr. Andrew Huberman","Fertility | Hormone Health","https://youtu.be/O1YRwWmue4Y"
122,"Dr. Andy Galpin: How to Assess & Improve All Aspects of Your Fitness | Huberman Lab Guest Series","2023-01-18","02:01:18",1275429,17665,993,"Guest Series","Dr. Andy Galpin","Fitness & Recovery","https://youtu.be/zEYE-vcVKy8"
123,"Rick Rubin: How to Access Your Creativity","2023-01-16","03:00:39",4077620,52614,2839,"Guest Episode","Rick Rubin","Focus, Productivity & Creativity","https://youtu.be/ycOBZZeVeAc"
124,"AMA #3: Adaptogens, Fasting & Fertility, Bluetooth/EMF Risks, Cognitive Load Limits & More","2023-01-13","00:32:02",123140,3249,277,"AMA","Dr. Andrew Huberman","Fertility","https://youtu.be/uak_dXHh6s4"
125,"Developing a Rational Approach to Supplementation for Health & Performance | Huberman Lab Podcast","2023-01-09","02:00:47",1313962,21946,1448,"Solo Episode","Dr. Andrew Huberman","Supplements","https://youtu.be/tLS6t3FVOTI"
126,"Dr. Sam Harris: Using Meditation to Focus, View Consciousness & Expand Your Mind | Huberman Lab 105","2023-01-02","04:21:56",1254961,25616,3012,"Guest Episode","Dr. Sam Harris","Focus, Productivity & Creativity | Neuroplasticity, Habits & Goals | NSDR, Meditation & Rest","https://youtu.be/-wIt_WsJGfw"
127,"Jocko Willink: How to Become Resilient, Forge Your Identity & Lead Others | Huberman Lab Podcast 104","2022-12-26","04:04:27",1643410,39368,1935,"Guest Episode","Jocko Willink","The Science of Well-being","https://youtu.be/__RAXBLt1iM"
128,"The Science of Creativity & How to Enhance Creative Innovation | Huberman Lab Podcast 103","2022-12-19","02:16:58",335252,8992,621,"Solo Episode","Dr. Andrew Huberman","Focus, Productivity & Creativity","https://youtu.be/KPlJcD-o-4Q"
129,"LIVE EVENT Q&A: Dr. Andrew Huberman Question & Answer in New York, NY","2022-12-14","00:47:17",139760,3568,255,"Live Event Q&A","Dr. Andrew Huberman","Live Event","https://youtu.be/uwWOc_RqTBA?si=AZg2FFGopV2p8tQn"
130,"Dr. Kyle Gillett: Tools for Hormone Optimization in Males | Huberman Lab Podcast 102","2022-12-12","02:24:18",984197,21452,1249,"Guest Episode","Dr. Kyle Gillett","Fertility | Hormone Health","https://youtu.be/O640yAgq5f8"
131,"AMA #2: Improve Sleep, Reduce Sugar Cravings, Optimal Protein Intake, Stretching Frequency & More","2022-12-08","00:30:31",313215,8073,403,"AMA","Dr. Andrew Huberman","Nutrition | Fitness & Recovery | Sleep","https://youtu.be/vZ4kOr38JhY"
132,"Using Caffeine to Optimize Mental & Physical Performance | Huberman Lab Podcast 101","2022-12-05","02:22:36",902090,17495,1394,"Solo Episode","Dr. Andrew Huberman","Supplements | Focus, Productivity & Creativity | Learning & Memory | Caffeine Science","https://youtu.be/iw97uvIge7c"
133,"Dr Lex Fridman: Navigating Conflict, Finding Purpose & Maintaining Drive | Huberman Lab Podcast #100","2022-11-28","02:41:46",1294897,24558,2280,"Guest Episode","Dr Lex Fridman","ADHD, Drive & Motivation | Emotions & Relationships","https://youtu.be/6I5I56uVvLw"
134,"Dr. Chris Palmer: Diet & Nutrition for Mental Health | Huberman Lab Podcast #99","2022-11-21","03:03:42",4891246,53968,3692,"Guest Episode","Dr. Chris Palmer","Mental Health & Addiction | Nutrition","https://youtu.be/xjEFo3a1AnI"
135,"Science-Based Tools for Increasing Happiness | Huberman Lab Podcast #98","2022-11-14","02:23:44",1548613,21535,1331,"Solo Episode","Dr. Andrew Huberman","The Science of Well-being","https://youtu.be/LTGGyQS1fZE"
136,"LIVE EVENT Q&A: Dr. Andrew Huberman Question & Answer in Los Angeles, CA","2022-11-09","01:03:38",117442,3031,199,"Live Event Q&A","Dr. Andrew Huberman","Live Event","https://youtu.be/TO0WUTq5zYI?si=IWr7G2ktwRvPAReO"
137,"Dr Layne Norton: The Science of Eating for Health, Fat Loss & Lean Muscle | Huberman Lab Podcast #97","2022-11-07","03:49:35",6855080,65704,2983,"Guest Episode","Dr Layne Norton","Nutrition","https://youtu.be/K4Ze-Sp6aUE"
138,"AMA #1: Leveraging Ultradian Cycles, How to Protect Your Brain, Seed Oils Examined and More","2022-11-02","00:24:57",182244,5280,261,"AMA","Dr. Andrew Huberman","Aging & Longevity | Nutrition | Focus, Productivity & Creativity","https://youtu.be/lsODSDmY4CY"
139,"How Meditation Works & Science-Based Effective Meditations | Huberman Lab Podcast #96","2022-10-31","02:26:02",5148276,82082,3848,"Solo Episode","Dr. Andrew Huberman","Neuroplasticity, Habits & Goals | NSDR, Meditation & Rest","https://youtu.be/wTBSGgbIvsY"
140,"Dr. Eddie Chang: The Science of Learning & Speaking Languages | Huberman Lab Podcast #95","2022-10-24","02:34:24",364157,9274,519,"Guest Episode","Dr. Eddie Chang","Learning & Memory | Neuroplasticity, Habits & Goals | Neurobiology & Physiology","https://youtu.be/Z7MU6zrAXsM"
141,"Fitness Toolkit: Protocol & Tools to Optimize Physical Health | Huberman Lab Podcast #94","2022-10-17","01:57:50",1381929,26262,1307,"Solo Episode","Dr. Andrew Huberman","Fitness & Recovery","https://youtu.be/q1Ss8sTbFBY"
142,"Dr. Nolan Williams: Psychedelics & Neurostimulation for Brain Rewiring | Huberman Lab Podcast #93","2022-10-10","02:48:55",368641,8476,981,"Guest Episode","Dr. Nolan Williams","Neuroplasticity, Habits & Goals | Mental Health & Addiction","https://youtu.be/X4QE6t-MkYE"
143,"The Effects of Cannabis (Marijuana) on the Brain & Body | Huberman Lab Podcast #92","2022-10-03","02:47:38",3077072,69982,9277,"Solo Episode","Dr. Andrew Huberman","Alcohol, Tobacco & Cannabis","https://youtu.be/gXvuJu1kt48"
144,"Dr. Casey Halpern: Biology & Treatments for Compulsive Eating & Behaviors | Huberman Lab Podcast #91","2022-09-26","02:14:35",258554,6022,504,"Guest Episode","Dr. Casey Halpern","Mental Health & Addiction","https://youtu.be/Nr5xb-QCBGA"
145,"Nicotine’s Effects on the Brain & Body & How to Quit Smoking or Vaping | Huberman Lab Podcast #90","2022-09-19","01:53:37",1390690,29788,3322,"Solo Episode","Dr. Andrew Huberman","Mental Health & Addiction | Alcohol, Tobacco & Cannabis","https://youtu.be/uXs-zPc63kM"
146,"Dr. David Anderson: The Biology of Aggression, Mating, & Arousal | Huberman Lab Podcast #89","2022-09-12","01:55:35",196885,4735,486,"Guest Episode","Dr. David Anderson","Emotions & Relationships","https://youtu.be/uxZFl4BDOGk"
147,"Focus Toolkit: Tools to Improve Your Focus & Concentration | Huberman Lab Podcast #88","2022-09-05","01:51:31",1213756,31272,1272,"Solo Episode","Dr. Andrew Huberman","Focus, Productivity & Creativity","https://youtu.be/yb5zpo5WDG4"
148,"LIVE EVENT Q&A: Dr. Andrew Huberman Question & Answer in Portland, OR","2022-08-31","00:51:31",101288,3121,227,"Live Event Q&A","Dr. Andrew Huberman","Live Event","https://youtu.be/3_auLYOilb8?si=RIb9NgsqNhclONYM"
149,"Dr. Erich Jarvis: The Neuroscience of Speech, Language & Music | Huberman Lab Podcast #87","2022-08-29","01:54:20",194575,5717,643,"Guest Episode","Dr. Erich Jarvis","Neurobiology & Physiology","https://youtu.be/LVxL_p_kToc"
150,"What Alcohol Does to Your Body, Brain & Health | Huberman Lab Podcast #86","2022-08-22","02:01:02",6690113,127910,11131,"Solo Episode","Dr. Andrew Huberman","Alcohol, Tobacco & Cannabis","https://youtu.be/DkS1pkKpILY"
151,"LIVE EVENT Q&A: Dr. Andrew Huberman Question & Answer in Seattle, WA","2022-08-17","00:56:05",155305,5061,396,"Live Event Q&A","Dr. Andrew Huberman","Live Event","https://youtu.be/2Ds1m5gflCI?si=ztuH5VKxHAxTnxyO"
152,"Dr. Peter Attia: Exercise, Nutrition, Hormones for Vitality & Longevity","2022-08-15","02:50:03",1769536,31567,1804,"Guest Episode","Dr. Peter Attia","Fitness & Recovery | Aging & Longevity","https://youtu.be/DTCmprPCDqc"
153,"Sleep Toolkit: Tools for Optimizing Sleep & Sleep-Wake Timing | Huberman Lab Podcast #84","2022-08-08","01:41:55",1983228,46091,2210,"Solo Episode","Dr. Andrew Huberman","Light Exposure & Circadian Rhythm | Sleep","https://youtu.be/h2aWYjSA1Jc"
154,"Dr. Emily Balcetis: Tools for Setting & Achieving Goals | Huberman Lab Podcast #83","2022-08-01","01:38:18",443447,12029,697,"Guest Episode","Dr. Emily Balcetis","Neuroplasticity, Habits & Goals","https://youtu.be/7YGZZcXqKxE"
155,"The Science & Treatment of Bipolar Disorder | Huberman Lab Podcast #82","2022-07-25","02:19:41",928677,19972,2956,"Solo Episode","Dr. Andrew Huberman","Mental Health & Addiction","https://youtu.be/m_OazsImOiI"
156,"Dr. Charles Zuker: The Biology of Taste Perception & Sugar Craving | Huberman Lab Podcast #81","2022-07-18","02:17:38",167738,4232,513,"Guest Episode","Dr. Charles Zuker","Neurobiology & Physiology | Nutrition","https://youtu.be/UChhXiFPRgg"
157,"Optimize & Control Your Brain Chemistry to Improve Health & Performance | Huberman Lab Podcast #80","2022-07-11","02:09:01",556105,13226,990,"Solo Episode","Dr. Andrew Huberman","Neurobiology & Physiology","https://youtu.be/T65RDBiB5Hs"
158,"Jeff Cavaliere: Optimize Your Exercise Program with Science-Based Tools | Huberman Lab Podcast #79","2022-07-04","02:40:47",2432258,35925,1999,"Guest Episode","Jeff Cavaliere","Fitness & Recovery","https://youtu.be/UNCwdFxPtE8"
159,"The Science & Treatment of Obsessive Compulsive Disorder (OCD) | Huberman Lab Podcast #78","2022-06-27","02:33:36",701812,13859,1624,"Solo Episode","Dr. Andrew Huberman","Mental Health & Addiction","https://youtu.be/OadokY8fcAA"
160,"Ido Portal: The Science & Practice of Movement | Huberman Lab Podcast #77","2022-06-20","02:34:37",435795,11281,1317,"Guest Episode","Ido Portal","Fitness & Recovery | Neurobiology & Physiology","https://youtu.be/a9yFKPmPZ90"
161,"Improve Flexibility with Research-Supported Stretching Protocols | Huberman Lab Podcast #76","2022-06-13","02:06:09",3621537,49135,1796,"Solo Episode","Dr. Andrew Huberman","Fitness & Recovery","https://youtu.be/tkH2-_jMCSk"
162,"Dr. Paul Conti: Therapy, Treating Trauma & Other Life Challenges | Huberman Lab Podcast #75","2022-06-06","02:24:29",789809,18066,1483,"Guest Series","Dr. Paul Conti","Mental Health & Addiction | Emotions & Relationships","https://youtu.be/IOl28gj_RXw"
163,"The Science & Process of Healing from Grief | Huberman Lab Podcast #74","2022-05-30","02:06:48",862026,22456,2758,"Solo Episode","Dr. Andrew Huberman","Mental Health & Addiction","https://youtu.be/dzOvi0Aa2EA"
164,"Dr. Wendy Suzuki: Boost Attention & Memory with Science-Based Tools | Huberman Lab Podcast #73","2022-05-23","01:46:39",928231,26437,1209,"Guest Episode","Dr. Wendy Suzuki","Learning & Memory","https://youtu.be/099hgtRoUZw"
165,"Understand & Improve Memory Using Science-Based Tools | Huberman Lab Podcast #72","2022-05-16","02:09:17",899544,22865,1194,"Solo Episode","Dr. Andrew Huberman","Learning & Memory","https://youtu.be/szqPAPKE5tQ"
166,"Understanding & Controlling Aggression | Huberman Lab Podcast #71","2022-05-09","01:30:53",260249,7416,646,"Solo Episode","Dr. Andrew Huberman","Emotions & Relationships","https://youtu.be/RBK5KLA5Jjg"
167,"Dr. Rhonda Patrick: Micronutrients for Health & Longevity | Huberman Lab Podcast #70","2022-05-02","02:49:33",1403485,25768,2225,"Guest Episode","Dr. Rhonda Patrick","Nutrition | Aging & Longevity","https://youtu.be/XcvhERcZpWw"
168,"The Science & Health Benefits of Deliberate Heat Exposure | Huberman Lab Podcast #69","2022-04-25","01:53:11",689880,14310,1056,"Solo Episode","Dr. Andrew Huberman","Heat & Cold Exposure","https://youtu.be/EQ3GjpGq5Y8"
169,"Using Light (Sunlight, Blue Light & Red Light) to Optimize Health | Huberman Lab Podcast #68","2022-04-18","02:23:43",967565,23701,1802,"Solo Episode","Dr. Andrew Huberman","Light Exposure & Circadian Rhythm","https://youtu.be/UF0nqolsNZc"
170,"Dr. Kyle Gillett: How to Optimize Your Hormones for Health & Vitality","2022-04-11","02:59:22",577646,12876,984,"Guest Episode","Dr. Kyle Gillett","Hormone Health","https://youtu.be/ncSoor2Iw8k"
171,"Using Deliberate Cold Exposure for Health and Performance | Huberman Lab Podcast #66","2022-04-04","02:15:09",1721985,32350,1960,"Solo Episode","Dr. Andrew Huberman","Heat & Cold Exposure","https://youtu.be/pq6WHJzOkno"
172,"Dr. Andy Galpin: How to Build Strength, Muscle Size & Endurance | Huberman Lab Podcast #65","2022-03-28","03:31:28",6681104,61186,2162,"Guest Episode","Dr. Andy Galpin","Fitness & Recovery","https://youtu.be/IAnhFUUCq6c"
173,"Controlling Sugar Cravings & Metabolism with Science-Based Tools | Huberman Lab Podcast #64","2022-03-21","01:58:56",1341089,29268,1563,"Solo Episode","Dr. Andrew Huberman","Nutrition","https://youtu.be/VAEzZeaV5zM"
174,"Using Salt to Optimize Mental & Physical Performance | Huberman Lab Podcast #63","2022-03-14","02:03:54",1925866,37487,2411,"Solo Episode","Dr. Andrew Huberman","Nutrition","https://youtu.be/azb3Ih68awQ"
175,"Dr. Justin Sonnenburg: How to Build, Maintain & Repair Gut Health | Huberman Lab Podcast #62","2022-03-07","02:14:39",2195179,37427,2266,"Guest Episode","Dr. Justin Sonnenburg","Gut Health","https://youtu.be/ouCWNRvPk20"
176,"How to Enhance Your Gut Microbiome for Brain & Overall Health","2022-02-28","01:52:15",938674,20362,1376,"Solo Episode","Dr. Andrew Huberman","Gut Health","https://youtu.be/15R2pMqU2ok"
177,"Dr. David Spiegel: Using Hypnosis to Enhance Health & Performance","2022-02-21","01:52:41",417204,10776,768,"Guest Episode","Dr. David Spiegel","Neuroplasticity, Habits & Goals | NSDR, Meditation & Rest","https://youtu.be/PctD-ki8dCc"
178,"The Science of Love, Desire and Attachment","2022-02-14","02:35:12",2196907,36131,1673,"Solo Episode","Dr. Andrew Huberman","Emotions & Relationships","https://youtu.be/gMRph_BvHB4"
179,"Using Play to Rewire & Improve Your Brain","2022-02-07","01:46:36",365080,10303,970,"Solo Episode","Dr. Andrew Huberman","Focus, Productivity & Creativity | Neuroplasticity, Habits & Goals | Neurobiology & Physiology","https://youtu.be/BwyZIWeBpRw"
180,"Optimizing Workspace for Productivity, Focus, & Creativity","2022-01-31","01:41:56",541139,14714,970,"Solo Episode","Dr. Andrew Huberman","Focus, Productivity & Creativity","https://youtu.be/Ze2pc6NwsHQ"
181,"Dr. Alia Crum: Science of Mindsets for Health & Performance","2022-01-24","01:41:03",671112,18703,1060,"Guest Episode","Dr. Alia Crum","The Science of Well-being | Mental Health & Addiction","https://youtu.be/dFR_wFN23ZY"
182,"The Science of Setting & Achieving Goals","2022-01-17","01:54:23",1538020,37695,1783,"Solo Episode","Dr. Andrew Huberman","Neuroplasticity, Habits & Goals","https://youtu.be/t1F7EEGPQwo"
183,"Dr. Jack Feldman: Breathing for Mental & Physical Health & Performance","2022-01-10","02:23:37",718692,18162,1029,"Guest Episode","Dr. Jack Feldman","NSDR, Meditation & Rest | Neurobiology & Physiology | The Science of Well-being | Fitness & Recovery | Mental Health & Addiction","https://youtu.be/GLgKkG44MGo"
184,"The Science of Making & Breaking Habits","2022-01-03","01:50:39",4424678,80659,1982,"Solo Episode","Dr. Andrew Huberman","Neuroplasticity, Habits & Goals","https://youtu.be/Wcs2PFz5q6g"
185,"Dr. David Sinclair: The Biology of Slowing & Reversing Aging","2021-12-27","02:10:43",3316810,76652,4883,"Guest Episode","Dr. David Sinclair","Aging & Longevity","https://youtu.be/n9IxomBusuw"
186,"Science of Social Bonding in Family, Friendship & Romantic Love","2021-12-20","01:33:22",540801,14947,1136,"Solo Episode","Dr. Andrew Huberman","Emotions & Relationships","https://youtu.be/RgAcOqVRfYA"
187,"Dr. David Berson: Your Brain's Logic & Function","2021-12-13","01:52:48",227329,5808,571,"Guest Episode","Dr. David Berson","Neurobiology & Physiology","https://youtu.be/oC3fhUjg30E"
188,"Erasing Fears & Traumas Based on the Modern Neuroscience of Fear","2021-12-06","02:13:50",1711685,42078,2626,"Solo Episode","Dr. Andrew Huberman","Emotions & Relationships | Mental Health & Addiction","https://youtu.be/31wjVhCcI5Y"
189,"Dr. David Buss: How Humans Select & Keep Romantic Partners in Short & Long Term","2021-11-29","02:13:02",903980,24426,2900,"Guest Episode","Dr. David Buss","Emotions & Relationships","https://youtu.be/HXzTbCEqCJc"
190,"The Science of Gratitude & How to Build a Gratitude Practice","2021-11-22","01:25:57",1053931,28338,1890,"Solo Episode","Dr. Andrew Huberman","The Science of Well-being","https://youtu.be/KVjfFN89qvQ"
191,"Time Perception & Entrainment by Dopamine, Serotonin & Hormones","2021-11-15","01:14:17",499323,13279,847,"Solo Episode","Dr. Andrew Huberman","ADHD, Drive & Motivation | Neurobiology & Physiology","https://youtu.be/8IWDAqodDas"
192,"Dr. Duncan French: How to Exercise for Strength Gains & Hormone Optimization","2021-11-08","01:30:06",310127,8948,782,"Guest Episode","Dr. Duncan French","Fitness & Recovery | Hormone Health","https://youtu.be/iMvtHqLmEkI"
193,"Using Your Nervous System to Enhance Your Immune System","2021-11-01","02:00:32",651524,13942,1280,"Solo Episode","Dr. Andrew Huberman","Neurobiology & Physiology | Metabolism & Immunity","https://youtu.be/poOf8b2WE2g"
194,"Dr. Samer Hattar: Timing Light, Food, & Exercise for Better Sleep, Energy & Mood","2021-10-25","02:14:28",224555,6923,849,"Guest Episode","Dr. Samer Hattar","The Science of Well-being | Fitness & Recovery | Sleep | Light Exposure & Circadian Rhythm | Nutrition","https://youtu.be/oUu3f0ETMJQ"
195,"Nutrients For Brain Health & Performance | Huberman Lab Podcast #42","2021-10-18","01:41:19",1285380,30379,1651,"Solo Episode","Dr. Andrew Huberman","Neurobiology & Physiology | Nutrition","https://youtu.be/E7W4OQfJWdw"
196,"Effects of Fasting & Time Restricted Eating on Fat Loss & Health | Huberman Lab Podcast #41","2021-10-11","02:26:07",6742766,117150,5768,"Solo Episode","Dr. Andrew Huberman","Nutrition","https://youtu.be/9tRohh0gErM"
197,"Dr. Craig Heller: Using Temperature for Performance, Brain & Body Health","2021-10-04","01:51:36",256038,6986,873,"Guest Episode","Dr. Craig Heller","Neurobiology & Physiology | Heat & Cold Exposure","https://youtu.be/77CdVSpnUX4"
198,"Controlling Your Dopamine For Motivation, Focus & Satisfaction","2021-09-27","02:16:32",10108589,275342,9590,"Solo Episode","Dr. Andrew Huberman","ADHD, Drive & Motivation | Focus, Productivity & Creativity","https://youtu.be/QmOF0crdyRU"
199,"Dr. Matthew Johnson: Psychedelics for Treating Mental Disorders","2021-09-20","02:52:05",556238,12036,1302,"Guest Episode","Dr. Matthew Johnson","Neuroplasticity, Habits & Goals | Mental Health & Addiction","https://youtu.be/GzvzWO0NU50"
200,"ADHD & How Anyone Can Improve Their Focus","2021-09-13","02:18:01",6110750,138599,10917,"Solo Episode","Dr. Andrew Huberman","ADHD, Drive & Motivation | Focus, Productivity & Creativity","https://youtu.be/hFL6qRIJZ_Y"
201,"Healthy Eating & Eating Disorders - Anorexia, Bulimia, Binging","2021-09-06","02:16:19",494560,12337,1037,"Solo Episode","Dr. Andrew Huberman","Mental Health & Addiction","https://youtu.be/2XGREPnlI8U"
202,"Dr. Robert Sapolsky: Science of Stress, Testosterone & Free Will","2021-08-30","01:29:50",1537248,43651,3132,"Guest Episode","Dr. Robert Sapolsky","The Science of Well-being | Hormone Health | Neurobiology & Physiology","https://youtu.be/DtmwtjOoSYU"
203,"Understanding & Conquering Depression","2021-08-23","02:02:03",1834407,42417,3372,"Solo Episode","Dr. Andrew Huberman","Mental Health & Addiction","https://youtu.be/Xu1FMCxoEFc"
204,"Dr. Anna Lembke: Understanding & Treating Addiction","2021-08-16","02:02:32",2384532,63327,4867,"Guest Episode","Dr. Anna Lembke","Mental Health & Addiction","https://youtu.be/p3JLaF_4Tz8"
205,"How to Control Your Sense of Pain & Pleasure","2021-08-09","02:16:12",272311,7454,735,"Solo Episode","Dr. Andrew Huberman","Neurobiology & Physiology","https://youtu.be/xmhsWAqP_0Y"
206,"Dr. Matt Walker: The Science & Practice of Perfecting Your Sleep","2021-08-02","03:06:06",2809826,53675,2927,"Guest Episode","Dr. Matt Walker","Sleep","https://youtu.be/gbQFSMayJxk"
207,"How to Optimize Your Brain-Body Function & Health","2021-07-26","01:52:44",359046,10491,1198,"Solo Episode","Dr. Andrew Huberman","Neurobiology & Physiology | Gut Health","https://youtu.be/rW9QKc-iFoY"
208,"Dr. Lex Fridman: Machines, Creativity & Love","2021-07-19","03:03:19",1990520,17260,1998,"Guest Episode","Dr. Lex Fridman","Focus, Productivity & Creativity | Emotions & Relationships","https://youtu.be/VRvn3Oj5r3E"
209,"Maximizing Productivity, Physical & Mental Health with Daily Tools","2021-07-12","02:07:01",718874,20870,1417,"Solo Episode","Dr. Andrew Huberman","Focus, Productivity & Creativity | Mental Health & Addiction","https://youtu.be/aXvDEmo6uS4"
210,"The Science of Hearing, Balance & Accelerated Learning","2021-07-05","02:03:37",259646,7192,910,"Solo Episode","Dr. Andrew Huberman","Learning & Memory | Neurobiology & Physiology","https://youtu.be/JVRyzYB9JSY"
211,"Dr. Karl Deisseroth: Understanding & Healing the Mind","2021-06-28","02:02:06",434824,12388,1017,"Guest Episode","Dr. Karl Deisseroth","Neurobiology & Physiology | Emotions & Relationships | Neuroplasticity, Habits & Goals | Mental Health & Addiction","https://youtu.be/w9MXqXBZy9U"
212,"How Smell, Taste & Pheromone-Like Chemicals Control You","2021-06-21","01:59:41",227468,6091,763,"Solo Episode","Dr. Andrew Huberman","Neurobiology & Physiology","https://youtu.be/Mwz8JprPeMc"
213,"The Science of Vision, Eye Health & Seeing Better","2021-06-14","01:49:38",1661271,44977,3291,"Solo Episode","Dr. Andrew Huberman","Neurobiology & Physiology","https://youtu.be/ObtW353d5i0"
214,"How to Build Endurance in Your Brain & Body","2021-06-07","02:05:30",1358967,27147,1428,"Solo Episode","Dr. Andrew Huberman","Neuroplasticity, Habits & Goals | Fitness & Recovery","https://youtu.be/VQLU7gpk_X8"
215,"Science of Muscle Growth, Increasing Strength & Muscular Recovery","2021-05-31","02:04:20",5704117,112282,3927,"Solo Episode","Dr. Andrew Huberman","Fitness & Recovery","https://youtu.be/XLr2RKoD-oY"
216,"How to Lose Fat with Science-Based Tools","2021-05-24","01:53:54",5132370,109747,5022,"Solo Episode","Dr. Andrew Huberman","Nutrition","https://youtu.be/GqPGXG5TlZw"
217,"How to Learn Skills Faster | Huberman Lab Podcast","2021-05-17","01:52:15",1286141,36400,1815,"Solo Episode","Dr. Andrew Huberman","Learning & Memory","https://youtu.be/xJ0IBzCjEPk"
218,"Supercharge Exercise Performance & Recovery with Cooling","2021-05-10","01:23:51",341877,11680,1548,"Solo Episode","Dr. Andrew Huberman","Fitness & Recovery | Heat & Cold Exposure","https://youtu.be/xaE9XyMMAHY"
219,"Using Cortisol & Adrenaline to Boost Our Energy & Immune System Function","2021-05-03","01:46:38",603037,16584,1455,"Solo Episode","Dr. Andrew Huberman","Hormone Health | Light Exposure & Circadian Rhythm | Metabolism & Immunity","https://youtu.be/JPX8g8ibKFc"
220,"How to Control Your Metabolism by Thyroid & Growth Hormone","2021-04-26","01:46:01",849446,20585,1675,"Solo Episode","Dr. Andrew Huberman","Hormone Health | Metabolism & Immunity","https://youtu.be/x7qbJeRxWGw"
221,"How Our Hormones Control Our Hunger, Eating & Satiety","2021-04-19","01:39:43",1307618,34049,2116,"Solo Episode","Dr. Andrew Huberman","Hormone Health | Nutrition","https://youtu.be/17O5mgXZ9ZU"
222,"The Science of How to Optimize Testosterone & Estrogen","2021-04-12","02:02:47",2169395,54498,2892,"Solo Episode","Dr. Andrew Huberman","Fertility | Hormone Health","https://youtu.be/qJXKhu5UZwk"
223,"Reduce Anxiety & Stress with the Physiological Sigh | Huberman Lab Quantal Clip","2021-04-07","00:02:45",668506,24977,745,"Short Clip","Dr. Andrew Huberman","Mental Health & Addiction | NSDR, Meditation & Rest | Focus, Productivity & Creativity | Neurobiology & Physiology","https://youtu.be/rBdhqBGqiMc?si=uF-1hIcYS06xWRtP"
224,"Biological Influences On Sex, Sex Differences & Preferences","2021-04-05","01:38:23",279927,8921,1069,"Solo Episode","Dr. Andrew Huberman","Hormone Health","https://youtu.be/J7SrAEacyf8"
225,"The Science of Emotions & Relationships","2021-03-29","01:41:02",1728761,38599,1473,"Solo Episode","Dr. Andrew Huberman","Emotions & Relationships","https://youtu.be/hcuMLQVAgEg"
226,"How to Control Stress in Real-Time | Huberman Lab Quantal Clip","2021-03-24","00:02:13",276655,13031,528,"Short Clip","Dr. Andrew Huberman","Neurobiology & Physiology | Focus, Productivity & Creativity | Mental Health & Addiction","https://youtu.be/PZ-GvIOhcf8?si=1DuncHaLZJlbyBhp"
227,"How to Increase Motivation & Drive","2021-03-22","01:29:03",1813471,49376,2439,"Solo Episode","Dr. Andrew Huberman","ADHD, Drive & Motivation","https://youtu.be/vA50EK70whE"
228,"How Foods and Nutrients Control Our Moods","2021-03-15","01:44:08",1272683,34019,2153,"Solo Episode","Dr. Andrew Huberman","Mental Health & Addiction | The Science of Well-being | Nutrition","https://youtu.be/XfURDjegrAw"
229,"Tools for Managing Stress & Anxiety","2021-03-08","01:38:24",2375184,60598,2756,"Solo Episode","Dr. Andrew Huberman","The Science of Well-being","https://youtu.be/ntfcfJ28eiU"
230,"Control Pain & Heal Faster with Your Brain","2021-03-01","01:37:58",435927,13362,1323,"Solo Episode","Dr. Andrew Huberman","Neuroplasticity, Habits & Goals | Neurobiology & Physiology","https://youtu.be/mcPSRWUYCv0"
231,"Optimize Your Learning & Creativity With Science-Based Tools","2021-02-22","01:30:35",453097,14999,1376,"Solo Episode","Dr. Andrew Huberman","Learning & Memory | Neuroplasticity, Habits & Goals | Focus, Productivity & Creativity","https://youtu.be/uuP-1ioh4LY"
232,"Using Failures, Movement & Balance to Learn Faster","2021-02-15","01:28:06",1629294,50112,2957,"Solo Episode","Dr. Andrew Huberman","Learning & Memory | Neurobiology & Physiology","https://youtu.be/hx3U64IXFOY"
233,"How to Focus to Change Your Brain","2021-02-08","01:29:43",2675497,75202,3574,"Solo Episode","Dr. Andrew Huberman","Neuroplasticity, Habits & Goals | Focus, Productivity & Creativity","https://youtu.be/LG53Vxum0as"
234,"Understanding and Using Dreams to Learn and to Forget","2021-02-01","01:17:50",976560,24224,2156,"Solo Episode","Dr. Andrew Huberman","Learning & Memory | Sleep","https://youtu.be/FFwA0QFmpQ4"
235,"How to Defeat Jetlag, Shift Work & Sleeplessness","2021-01-25","01:50:56",499815,13448,1475,"Solo Episode","Dr. Andrew Huberman","Light Exposure & Circadian Rhythm | Sleep","https://youtu.be/NAATB55oxeQ"
236,"Using Science to Optimize Sleep, Learning & Metabolism","2021-01-18","01:41:26",1342883,37232,2030,"Solo Episode","Dr. Andrew Huberman","Sleep | Learning & Memory | Metabolism & Immunity","https://youtu.be/nwSkFq4tyC0"
237,"Master Your Sleep & Be More Alert When Awake","2021-01-11","01:22:05",3805655,109238,5169,"Solo Episode","Dr. Andrew Huberman","Light Exposure & Circadian Rhythm | Sleep","https://youtu.be/nm1TxQj9IsQ"
238,"How Your Nervous System Works & Changes","2021-01-04","01:02:31",1409292,57153,3106,"Solo Episode","Dr. Andrew Huberman","Neuroplasticity, Habits & Goals | Neurobiology & Physiology","https://youtu.be/H-XfCl-HpRM"
239,"Welcome to the Huberman Lab Podcast","2020-12-23","00:04:23",1024294,17715,2452,"Introduction","Dr. Andrew Huberman","Introduction","https://youtu.be/4b6bwcWK6GE?si=Bg46LNHxa-VBjG3v"
