,Title,Published_date,Duration,Views,Likes,Comments
0,Creating a Collaborative Phone Policy for Kids,2024-06-10,PT59S,37369,1755,29
1,Dr. Jonathan Haidt: How Smartphones & Social Media Impact Mental Health & the Realistic Solutions,2024-06-10,PT2H26M56S,225713,6440,612
2,LIVE EVENT Q&A: Dr. Andrew Huberman at the Brisbane Convention & Exhibition Centre,2024-06-07,PT53M9S,44048,1238,136
3,Dr. Mary Claire Haver: How to Navigate Menopause & Perimenopause for Maximum Health & Vitality,2024-06-03,PT2H18M19S,145452,5145,684
4,Brief Post-Meal Walks & Blood Sugar Regulation,2024-06-01,PT44S,407154,18528,186
5,What Should You Do if You Get a Concussion?,2024-05-27,PT1M,106007,3256,95
6,Dr. Diego Bohórquez: The Science of Your Gut Sense & the Gut-Brain Axis,2024-05-27,PT2H42M13S,222900,5132,423
7,Dr. Gary Steinberg: How to Improve Brain Health & Offset Neurodegeneration,2024-05-20,PT1H55M4S,180756,4536,435
8,LIVE EVENT Q&A: Dr. Andrew Huberman at the ICC Sydney Theatre,2024-05-17,PT51M19S,50663,1315,113
9,Dr. James Hollis: How to Find Your True Purpose & Create Your Best Life,2024-05-13,PT2H39M48S,598066,17273,1189
10,"Dr. Matt Walker: The Science of Dreams, Nightmares & Lucid Dreaming | Huberman Lab Guest Series",2024-05-08,PT2H33M6S,302522,5886,705
11,"Dr. Casey Means: Transform Your Health by Improving Metabolism, Hormone & Blood Sugar Regulation",2024-05-06,PT2H56M27S,419364,9337,922
12,Dr. Matt Walker: Improve Sleep to Boost Mood & Emotional Regulation | Huberman Lab Guest Series,2024-05-01,PT2H15M14S,194850,4162,372
13,"AMA #17: Making Time for Fitness, Top Sleep Tools & Best Learning Strategies",2024-04-30,PT25M30S,90867,2692,112
14,Protocols to Strengthen & Pain Proof Your Back,2024-04-29,PT2H8M4S,260721,7225,670
15,"Dr. Matt Walker: Using Sleep to Improve Learning, Creativity & Memory | Huberman Lab Guest Series",2024-04-24,PT2H28M28S,174503,4162,339
16,The Impact of E-Cigarette and Vape Chemicals and Flavors on the Lungs and Brain,2024-04-22,PT1M,69408,2632,157
17,The NASA Nap Culture: Boosting Alertness & Productivity with Short Naps,2024-04-22,PT59S,205374,8400,226
18,"Dr. Bonnie Halpern-Felsher: Vaping, Alcohol Use & Other Risky Youth Behaviors",2024-04-22,PT2H31M25S,100896,2311,337
19,The Importance of High Standards in Mentoring,2024-04-21,PT53S,54409,2184,37
20,LIVE EVENT Q&A: Dr. Andrew Huberman at the Sydney Opera House,2024-04-19,PT52M54S,72318,1736,133
21,"Dr. Matt Walker: How to Structure Your Sleep, Use Naps & Time Caffeine | Huberman Lab Guest Series",2024-04-17,PT2H18M59S,292944,6128,517
22,Dr. David Yeager: How to Master Growth Mindset to Improve Performance,2024-04-15,PT2H26M10S,451502,6503,441
23,A Simple Solution for Quickly Returning to Sleep at Night,2024-04-12,PT56S,382158,12395,430
24,How to Get Rid of Hiccups,2024-04-11,PT57S,84563,5580,134
25,How Body Position & Temperature Impact Sleep Stages & Quality,2024-04-10,PT1M,324083,10872,230
26,Dr. Matt Walker: Protocols to Improve Your Sleep | Huberman Lab Guest Series,2024-04-10,PT2H42M55S,402518,8437,807
27,Coleman Ruiz: Overcoming Physical & Emotional Challenges,2024-04-08,PT3H18M3S,427127,4504,432
28,Dr. Matt Walker: The Biology of Sleep & Your Unique Sleep Needs | Huberman Lab Guest Series,2024-04-03,PT2H59M34S,587465,13393,1610
29,Benefits & Risks of Peptide Therapeutics for Physical & Mental Health,2024-04-01,PT1H26M42S,211859,6177,942
30,Asi Wind: What Magic & Mind Reading Reveal About the Brain,2024-03-25,PT2H51M38S,278627,5749,1220
31,"LIVE EVENT Q&A: Dr. Andrew Huberman Question & Answer in Melbourne, AU",2024-03-22,PT58M26S,120842,2871,274
32,"Dr. E.J. Chichilnisky: How the Brain Works, Curing Blindness & How to Navigate a Career Path",2024-03-18,PT2H6S,137413,2842,308
33,Dr. Cal Newport: How to Enhance Focus and Improve Productivity,2024-03-11,PT2H56M59S,687355,18004,968
34,How Placebo Effects Work to Change Our Biology & Psychology,2024-03-04,PT1H18M16S,157995,4826,519
35,"AMA #16: Sleep, Vertigo, TBI, OCD, Tips for Travelers, Gut-Brain Axis & More",2024-02-29,PT56M49S,107529,3083,331
36,Dr. Becky Kennedy: Protocols for Excellent Parenting & Improving Relationships of All Kinds,2024-02-26,PT2H54M2S,1051593,16489,1074
37,Dr. Mark D'Esposito: How to Optimize Cognitive Function & Brain Health,2024-02-19,PT2H32M38S,352357,7641,684
38,Oral Health Protocols,2024-02-13,PT49S,1106708,47799,799
39,How to Improve Oral Health & Its Critical Role in Brain & Body Health,2024-02-12,PT2H27S,658301,18529,2382
40,Dr. Kay Tye: The Biology of Social Interactions and Emotions,2024-02-05,PT2H31M6S,402526,7386,745
41,AMA #15: Fluoride Benefits/Risks & Vagus Nerve Stimulation,2024-02-01,PT29M3S,100438,2940,426
42,Tools to Enhance Working Memory & Attention,2024-01-29,PT1H31M12S,464973,12836,870
43,Journal Club with Dr. Peter Attia | Effects of Light & Dark on Mental Health & Treatments for Cancer,2024-01-22,PT3H8M32S,211074,4601,427
44,Dr. Sean Mackey: Tools to Reduce & Manage Pain,2024-01-15,PT2H56M42S,405998,5761,733
45,David Goggins on Controlling the Multi-Voice Dialogue in Your Mind,2024-01-09,PT59S,176355,12667,177
46,Cold & Flu: When Are You Most Contagious?,2024-01-08,PT1M,410912,18902,364
47,How to Prevent & Treat Colds & Flu,2024-01-08,PT2H5M49S,785622,18533,1769
48,David Goggins: How to Build Immense Inner Strength,2024-01-01,PT2H37M35S,11093458,231214,11720
49,"AMA #14: 2023 Philanthropy, Evening Routine, Light Therapy, Health Metrics & More",2023-12-31,PT1H5M11S,110458,3124,323
50,Rick Rubin: Protocols to Access Creative Energy and Process,2023-12-25,PT2H28M9S,1647071,23456,1399
51,Dr. Robert Lustig: How Sugar & Processed Foods Impact Your Health,2023-12-18,PT3H29M21S,2958070,46282,5246
52,"LIVE EVENT Q&A: Dr. Andrew Huberman Question & Answer in Chicago, IL",2023-12-13,PT54M44S,105700,2838,183
53,Dr. Karen Parker: The Causes & Treatments for Autism,2023-12-11,PT2H56M28S,330736,7303,1903
54,Robert Greene: A Process for Finding & Achieving Your Unique Purpose,2023-12-04,PT3H11M18S,9065978,87490,3723
55,"AMA #13: Winter Months & Sickness, Wim Hof Breathing & Stressors",2023-11-30,PT24M18S,166552,4553,296
56,How to Stop Hiccups Using a Science-Supported Tool,2023-11-27,PT57S,343908,22133,434
57,"Dr. Adam Grant: How to Unlock Your Potential, Motivation & Unique Abilities",2023-11-27,PT3H12M22S,3158309,23796,1167
58,A Science-Supported Journaling Protocol to Improve Mental & Physical Health,2023-11-20,PT1H38M22S,522870,15828,1205
59,"LIVE EVENT Q&A: Dr. Andrew Huberman Question & Answer in Toronto, ON",2023-11-15,PT39M8S,139947,3216,200
60,How Tone of Voice Shapes Emotional State of Listeners,2023-11-14,PT58S,2694661,158583,2292
61,"Dr. Natalie Crawford: Female Hormone Health, Fertility & Vitality",2023-11-13,PT3H27M34S,360051,7295,690
62,"Dr. Michael Eisenberg: Improving Male Sexual Health, Function & Fertility",2023-11-06,PT2H37M14S,494139,10474,792
63,"AMA #12: Thoughts on Longevity Supplements (Resveratrol, NR, NMN, Etc.) & How to Improve Memory",2023-10-31,PT29M8S,223264,4423,403
64,Mental Health Toolkit: Tools to Bolster Your Mood & Mental Health,2023-10-30,PT2H4M12S,464979,11552,712
65,Mark Zuckerberg & Dr. Priscilla Chan: Curing All Human Diseases & the Future of Health & Technology,2023-10-23,PT2H15M32S,491209,12973,3703
66,Dr. Lisa Feldman Barrett: How to Understand Emotions | Huberman Lab Podcast,2023-10-16,PT2H39M4S,1380350,17463,1747
67,How to Increase Your Willpower & Tenacity | Huberman Lab Podcast,2023-10-09,PT2H7M59S,682321,17089,1316
68,Chris Voss: How to Succeed at Hard Conversations,2023-10-02,PT2H53M29S,3048150,29126,1203
69,AMA #11: Improve Task Switching & Productivity and Reduce Brain Fog,2023-09-29,PT34M37S,131685,3626,159
70,Dr. Paul Conti: Tools and Protocols for Mental Health | Huberman Lab Guest Series,2023-09-27,PT2H41M13S,351040,6703,579
71,U.S. Surgeon General Dr. Vivek Murthy: Efforts & Challenges in Promoting Public Health,2023-09-25,PT2H33M49S,86196,1922,806
72,Dr. Paul Conti: How to Build and Maintain Healthy Relationships | Huberman Lab Guest Series,2023-09-20,PT3H4M38S,570681,9892,620
73,"How to Use Music to Boost Motivation, Mood & Improve Learning | Huberman Lab Podcast",2023-09-18,PT1H44M26S,570231,17098,1287
74,Dr. Paul Conti: How to Improve Your Mental Health | Huberman Lab Guest Series,2023-09-13,PT3H15M18S,600702,9544,715
75,Journal Club with Dr. Peter Attia | Metformin for Longevity & The Power of Belief Effects,2023-09-11,PT2H21M19S,294626,6522,542
76,Dr. Paul Conti: How to Understand & Assess Your Mental Health | Huberman Lab Guest Series,2023-09-06,PT3H42M50S,10627844,66612,3665
77,"Marc Andreessen: How Risk Taking, Innovation & Artificial Intelligence Transform Human Experience",2023-09-04,PT2H57M2S,486276,5131,527
78,"AMA #10: Benefits of Nature & “Grounding,"" Hearing Loss Research & Avoiding Altitude Sickness",2023-08-30,PT21M34S,203880,4705,420
79,Goals Toolkit: How to Set & Achieve Your Goals,2023-08-28,PT1H34M37S,875734,22496,894
80,"Dr. David Linden: Life, Death & the Neuroscience of Your Unique Experience",2023-08-21,PT2H36M47S,527713,7249,734
81,Dr. Rena Malik: Improving Sexual & Urological Health in Males and Females,2023-08-14,PT2H54M30S,1649440,30354,1540
82,"Ketamine: Benefits and Risks for Depression, PTSD & Neuroplasticity | Huberman Lab Podcast",2023-08-07,PT1H42M41S,379249,8533,1287
83,"Tony Hawk: Harnessing Passion, Drive & Persistence for Lifelong Success",2023-07-31,PT2H15M19S,217335,4995,478
84,"AMA #9: Kratom Risks, Does Infrared Sauna Work & Journaling Benefits",2023-07-28,PT26M32S,120232,2432,881
85,Dr. Maya Shankar: How to Shape Your Identity & Goals,2023-07-24,PT2H33M56S,1017884,14311,1100
86,How to Enhance Performance & Learning by Applying a Growth Mindset,2023-07-17,PT1H41M24S,1213332,30972,1378
87,Dr. Robert Malenka: How Your Brain’s Reward Circuits Drive Your Choices,2023-07-10,PT2H50M3S,1032220,10626,894
88,Science-Supported Tools to Accelerate Your Fitness Goals,2023-07-03,PT1H35M40S,634041,14364,654
89,Dr. Jeffrey Goldberg: How to Improve Your Eye Health & Offset Vision Loss,2023-06-26,PT3H8M45S,3578475,35056,1351
90,"AMA #8: Balancing Caffeine, Decision Fatigue & Social Isolation",2023-06-23,PT25M21S,170480,4434,282
91,Tim Ferriss: How to Learn Better & Create Your Best Future | Huberman Lab Podcast,2023-06-19,PT3H39M9S,830262,16748,814
92,The Science of MDMA & Its Therapeutic Uses: Benefits & Risks | Huberman Lab Podcast,2023-06-12,PT2H17M35S,335171,6521,1224
93,Dr. Immordino-Yang: How Emotions & Social Factors Impact Learning | Huberman Lab Podcast,2023-06-05,PT2H41M22S,364555,5980,620
94,"AMA #7: Cold Exposure, Maximizing REM Sleep & My Next Scientific Studies",2023-05-31,PT22M21S,132486,3426,177
95,"Adderall, Stimulants & Modafinil for ADHD: Short- & Long-Term Effects | Huberman Lab Podcast",2023-05-29,PT2H2M12S,1131878,24979,3171
96,Dr. Robin Carhart-Harris: The Science of Psychedelics for Mental Health | Huberman Lab Podcast,2023-05-22,PT2H37M9S,642091,10973,1608
97,Dr. Susanna Søberg: How to Use Cold & Heat Exposure to Improve Your Health | Huberman Lab Podcast,2023-05-15,PT2H30M35S,626940,11554,1053
98,"How Psilocybin Can Rewire Our Brain, Its Therapeutic Benefits & Its Risks | Huberman Lab Podcast",2023-05-08,PT2H9M2S,2213447,47568,5229
99,"Dr. Noam Sobel: How Smells Influence Our Hormones, Health & Behavior | Huberman Lab Podcast",2023-05-01,PT3H13M16S,3103425,18022,1465
100,"AMA #6: Eye Health, Why We Yawn & Increasing Motivation",2023-04-27,PT36M14S,128482,3665,270
101,Science-Based Mental Training & Visualization for Improved Learning | Huberman Lab Podcast,2023-04-24,PT1H59M47S,719797,18394,778
102,Dr. Matthew MacDougall: Neuralink & Technologies to Enhance Human Brains | Huberman Lab Podcast,2023-04-17,PT2H1M41S,227926,5451,716
103,"The Science of Healthy Hair, Hair Loss and How to Regrow Hair | Huberman Lab Podcast",2023-04-10,PT2H4M48S,2568950,56081,4359
104,"Dr. Elissa Epel: Control Stress for Healthy Eating, Metabolism & Aging | Huberman Lab Podcast",2023-04-03,PT2H5M51S,583294,12036,906
105,Leverage Dopamine to Overcome Procrastination & Optimize Effort | Huberman Lab Podcast,2023-03-27,PT1H58M49S,1410950,33493,1991
106,"AMA #5: Intrusive Thoughts, CGMs, Behavioral Change, Naps & NSDR",2023-03-24,PT23M27S,176528,5241,326
107,"Dr. Peter Attia: Improve Vitality, Emotional & Physical Health & Lifespan | Huberman Lab Podcast",2023-03-20,PT3H29M56S,2430499,27399,1845
108,"Dr. Satchin Panda: Intermittent Fasting to Improve Health, Cognition & Longevity | Huberman Lab",2023-03-13,PT2H49M7S,955482,16229,1381
109,How to Optimize Your Water Quality & Intake for Health | Huberman Lab Podcast,2023-03-06,PT2H22M23S,1391693,23970,2299
110,Dr. Oded Rechavi: Genes & the Inheritance of Memories Across Generations | Huberman Lab Podcast,2023-02-27,PT2H32M1S,721881,13619,1295
111,"AMA #4: Maintain Motivation, Improve REM Sleep, Set Goals, Manage Anxiety & More",2023-02-24,PT23M14S,247057,8710,246
112,Dr. Andy Galpin: Optimal Nutrition & Supplementation for Fitness | Huberman Lab Guest Series,2023-02-22,PT3H5M34S,4784537,37105,1530
113,"How to Breathe Correctly for Optimal Health, Mood, Learning & Performance | Huberman Lab Podcast",2023-02-20,PT2H18M50S,1125839,28593,1698
114,Dr. Andy Galpin: Maximize Recovery to Achieve Fitness & Performance Goals | Huberman Lab,2023-02-15,PT3H5M6S,723846,10231,592
115,"Dr. Gina Poe: Use Sleep to Enhance Learning, Memory & Emotional State | Huberman Lab Podcast",2023-02-13,PT2H5M41S,758813,16946,995
116,Dr. Andy Galpin: Optimize Your Training Program for Fitness & Longevity | Huberman Lab Guest Series,2023-02-08,PT3H6M8S,1449573,12454,671
117,How to Stop Headaches Using Science-Based Approaches | Huberman Lab Podcast,2023-02-06,PT2H26M44S,443900,10224,1263
118,Dr. Andy Galpin: How to Build Physical Endurance & Lose Fat | Huberman Lab Guest Series,2023-02-01,PT3H48M53S,4838754,41579,1656
119,Dr. Sara Gottfried: How to Optimize Female Hormone Health for Vitality & Longevity | Huberman Lab,2023-01-30,PT2H35M5S,1949213,50403,4840
120,Dr. Andy Galpin: Optimal Protocols to Build Strength & Grow Muscles | Huberman Lab Guest Series,2023-01-25,PT4H39M24S,1373061,25362,1283
121,How to Optimize Fertility in Males & Females,2023-01-23,PT4H22M15S,299737,6269,820
122,Dr. Andy Galpin: How to Assess & Improve All Aspects of Your Fitness | Huberman Lab Guest Series,2023-01-18,PT2H1M18S,1278816,17692,993
123,Rick Rubin: How to Access Your Creativity,2023-01-16,PT3H39S,4078800,52628,2839
124,"AMA #3: Adaptogens, Fasting & Fertility, Bluetooth/EMF Risks, Cognitive Load Limits & More",2023-01-13,PT32M2S,123201,3251,277
125,Developing a Rational Approach to Supplementation for Health & Performance | Huberman Lab Podcast,2023-01-09,PT2H47S,1318463,21980,1448
126,"Dr. Sam Harris: Using Meditation to Focus, View Consciousness & Expand Your Mind | Huberman Lab 105",2023-01-02,PT4H21M56S,1256443,25637,3011
127,"Jocko Willink: How to Become Resilient, Forge Your Identity & Lead Others | Huberman Lab Podcast 104",2022-12-26,PT4H4M27S,1644093,39371,1935
128,The Science of Creativity & How to Enhance Creative Innovation | Huberman Lab Podcast 103,2022-12-19,PT2H16M58S,335751,8999,621
129,"LIVE EVENT Q&A: Dr. Andrew Huberman Question & Answer in New York, NY",2022-12-14,PT47M17S,139781,3568,255
130,Dr. Kyle Gillett: Tools for Hormone Optimization in Males | Huberman Lab Podcast 102,2022-12-12,PT2H24M18S,985142,21470,1250
131,"AMA #2: Improve Sleep, Reduce Sugar Cravings, Optimal Protein Intake, Stretching Frequency & More",2022-12-08,PT30M31S,313253,8073,403
132,Using Caffeine to Optimize Mental & Physical Performance | Huberman Lab Podcast 101,2022-12-05,PT2H22M36S,905915,17513,1396
133,"Dr Lex Fridman: Navigating Conflict, Finding Purpose & Maintaining Drive | Huberman Lab Podcast #100",2022-11-28,PT2H41M46S,1300411,24578,2280
134,Dr. Chris Palmer: Diet & Nutrition for Mental Health | Huberman Lab Podcast #99,2022-11-21,PT3H3M42S,4896718,54021,3693
135,Science-Based Tools for Increasing Happiness | Huberman Lab Podcast #98,2022-11-14,PT2H23M44S,1555285,21581,1332
136,"LIVE EVENT Q&A: Dr. Andrew Huberman Question & Answer in Los Angeles, CA",2022-11-09,PT1H3M38S,117455,3031,199
137,"Dr Layne Norton: The Science of Eating for Health, Fat Loss & Lean Muscle | Huberman Lab Podcast #97",2022-11-07,PT3H49M35S,6873680,65817,2984
138,"AMA #1: Leveraging Ultradian Cycles, How to Protect Your Brain, Seed Oils Examined and More",2022-11-02,PT24M57S,182316,5278,261
139,How Meditation Works & Science-Based Effective Meditations | Huberman Lab Podcast #96,2022-10-31,PT2H26M2S,5168935,82243,3858
140,Dr. Eddie Chang: The Science of Learning & Speaking Languages | Huberman Lab Podcast #95,2022-10-24,PT2H34M24S,364923,9286,518
141,Fitness Toolkit: Protocol & Tools to Optimize Physical Health | Huberman Lab Podcast #94,2022-10-17,PT1H57M50S,1384542,26289,1307
142,Dr. Nolan Williams: Psychedelics & Neurostimulation for Brain Rewiring | Huberman Lab Podcast #93,2022-10-10,PT2H48M55S,368839,8478,977
143,The Effects of Cannabis (Marijuana) on the Brain & Body | Huberman Lab Podcast #92,2022-10-03,PT2H47M38S,3079048,70010,9280
144,Dr. Casey Halpern: Biology & Treatments for Compulsive Eating & Behaviors | Huberman Lab Podcast #91,2022-09-26,PT2H14M35S,258850,6027,493
145,Nicotine’s Effects on the Brain & Body & How to Quit Smoking or Vaping | Huberman Lab Podcast #90,2022-09-19,PT1H53M37S,1393232,29824,3328
146,"Dr. David Anderson: The Biology of Aggression, Mating, & Arousal | Huberman Lab Podcast #89",2022-09-12,PT1H55M35S,196942,4737,486
147,Focus Toolkit: Tools to Improve Your Focus & Concentration | Huberman Lab Podcast #88,2022-09-05,PT1H51M31S,1216374,31312,1273
148,"LIVE EVENT Q&A: Dr. Andrew Huberman Question & Answer in Portland, OR",2022-08-31,PT51M31S,101307,3122,227
149,"Dr. Erich Jarvis: The Neuroscience of Speech, Language & Music | Huberman Lab Podcast #87",2022-08-29,PT1H54M20S,194831,5717,643
150,"What Alcohol Does to Your Body, Brain & Health | Huberman Lab Podcast #86",2022-08-22,PT2H1M2S,6697498,128014,11141
151,"LIVE EVENT Q&A: Dr. Andrew Huberman Question & Answer in Seattle, WA",2022-08-17,PT56M5S,155333,5061,396
152,"Dr. Peter Attia: Exercise, Nutrition, Hormones for Vitality & Longevity",2022-08-15,PT2H50M3S,1770878,31590,1804
153,Sleep Toolkit: Tools for Optimizing Sleep & Sleep-Wake Timing | Huberman Lab Podcast #84,2022-08-08,PT1H41M55S,1985453,46138,2211
154,Dr. Emily Balcetis: Tools for Setting & Achieving Goals | Huberman Lab Podcast #83,2022-08-01,PT1H38M18S,443639,12035,696
155,The Science & Treatment of Bipolar Disorder | Huberman Lab Podcast #82,2022-07-25,PT2H19M41S,930685,20006,2961
156,Dr. Charles Zuker: The Biology of Taste Perception & Sugar Craving | Huberman Lab Podcast #81,2022-07-18,PT2H17M38S,167798,4233,513
157,Optimize & Control Your Brain Chemistry to Improve Health & Performance | Huberman Lab Podcast #80,2022-07-11,PT2H9M1S,556393,13232,990
158,Jeff Cavaliere: Optimize Your Exercise Program with Science-Based Tools | Huberman Lab Podcast #79,2022-07-04,PT2H40M47S,2433107,35931,1999
159,The Science & Treatment of Obsessive Compulsive Disorder (OCD) | Huberman Lab Podcast #78,2022-06-27,PT2H33M36S,703373,13887,1629
160,Ido Portal: The Science & Practice of Movement | Huberman Lab Podcast #77,2022-06-20,PT2H34M37S,435991,11283,1316
161,Improve Flexibility with Research-Supported Stretching Protocols | Huberman Lab Podcast #76,2022-06-13,PT2H6M9S,3624512,49160,1796
162,"Dr. Paul Conti: Therapy, Treating Trauma & Other Life Challenges | Huberman Lab Podcast #75",2022-06-06,PT2H24M29S,790789,18080,1481
163,The Science & Process of Healing from Grief | Huberman Lab Podcast #74,2022-05-30,PT2H6M48S,863807,22492,2762
164,Dr. Wendy Suzuki: Boost Attention & Memory with Science-Based Tools | Huberman Lab Podcast #73,2022-05-23,PT1H46M39S,931020,26508,1206
165,Understand & Improve Memory Using Science-Based Tools | Huberman Lab Podcast #72,2022-05-16,PT2H9M17S,900720,22893,1194
166,Understanding & Controlling Aggression | Huberman Lab Podcast #71,2022-05-09,PT1H30M53S,260449,7418,646
167,Dr. Rhonda Patrick: Micronutrients for Health & Longevity | Huberman Lab Podcast #70,2022-05-02,PT2H49M33S,1404909,25786,2225
168,The Science & Health Benefits of Deliberate Heat Exposure | Huberman Lab Podcast #69,2022-04-25,PT1H53M11S,690282,14314,1056
169,"Using Light (Sunlight, Blue Light & Red Light) to Optimize Health | Huberman Lab Podcast #68",2022-04-18,PT2H23M43S,969505,23724,1801
170,Dr. Kyle Gillett: How to Optimize Your Hormones for Health & Vitality,2022-04-11,PT2H59M22S,577910,12880,984
171,Using Deliberate Cold Exposure for Health and Performance | Huberman Lab Podcast #66,2022-04-04,PT2H15M9S,1725841,32375,1960
172,"Dr. Andy Galpin: How to Build Strength, Muscle Size & Endurance | Huberman Lab Podcast #65",2022-03-28,PT3H31M28S,6712949,61332,2164
173,Controlling Sugar Cravings & Metabolism with Science-Based Tools | Huberman Lab Podcast #64,2022-03-21,PT1H58M56S,1341775,29282,1563
174,Using Salt to Optimize Mental & Physical Performance | Huberman Lab Podcast #63,2022-03-14,PT2H3M54S,1931448,37544,2418
175,"Dr. Justin Sonnenburg: How to Build, Maintain & Repair Gut Health | Huberman Lab Podcast #62",2022-03-07,PT2H14M39S,2202461,37479,2271
176,How to Enhance Your Gut Microbiome for Brain & Overall Health,2022-02-28,PT1H52M15S,941121,20378,1378
177,Dr. David Spiegel: Using Hypnosis to Enhance Health & Performance,2022-02-21,PT1H52M41S,417655,10785,768
178,"The Science of Love, Desire and Attachment",2022-02-14,PT2H35M12S,2204770,36191,1675
179,Using Play to Rewire & Improve Your Brain,2022-02-07,PT1H46M36S,365280,10310,969
180,"Optimizing Workspace for Productivity, Focus, & Creativity",2022-01-31,PT1H41M56S,541445,14722,970
181,Dr. Alia Crum: Science of Mindsets for Health & Performance,2022-01-24,PT1H41M3S,671425,18713,1059
182,The Science of Setting & Achieving Goals,2022-01-17,PT1H54M23S,1539192,37717,1781
183,Dr. Jack Feldman: Breathing for Mental & Physical Health & Performance,2022-01-10,PT2H23M37S,718967,18163,1029
184,The Science of Making & Breaking Habits,2022-01-03,PT1H50M39S,4432034,80740,1985
185,Dr. David Sinclair: The Biology of Slowing & Reversing Aging,2021-12-27,PT2H10M43S,3319456,76686,4883
186,"Science of Social Bonding in Family, Friendship & Romantic Love",2021-12-20,PT1H33M22S,541379,14955,1135
187,Dr. David Berson: Your Brain's Logic & Function,2021-12-13,PT1H52M48S,228077,5815,571
188,Erasing Fears & Traumas Based on the Modern Neuroscience of Fear,2021-12-06,PT2H13M50S,1716122,42151,2628
189,Dr. David Buss: How Humans Select & Keep Romantic Partners in Short & Long Term,2021-11-29,PT2H13M2S,904404,24438,2905
190,The Science of Gratitude & How to Build a Gratitude Practice,2021-11-22,PT1H25M57S,1055462,28356,1890
191,"Time Perception & Entrainment by Dopamine, Serotonin & Hormones",2021-11-15,PT1H14M17S,499736,13281,847
192,Dr. Duncan French: How to Exercise for Strength Gains & Hormone Optimization,2021-11-08,PT1H30M6S,310318,8951,782
193,Using Your Nervous System to Enhance Your Immune System,2021-11-01,PT2H32S,651830,13948,1280
194,"Dr. Samer Hattar: Timing Light, Food, & Exercise for Better Sleep, Energy & Mood",2021-10-25,PT2H14M28S,224618,6926,848
195,Nutrients For Brain Health & Performance | Huberman Lab Podcast #42,2021-10-18,PT1H41M19S,1287873,30410,1650
196,Effects of Fasting & Time Restricted Eating on Fat Loss & Health | Huberman Lab Podcast #41,2021-10-11,PT2H26M7S,6750138,117224,5768
197,"Dr. Craig Heller: Using Temperature for Performance, Brain & Body Health",2021-10-04,PT1H51M36S,256208,6988,872
198,"Controlling Your Dopamine For Motivation, Focus & Satisfaction",2021-09-27,PT2H16M32S,10193930,275875,9607
199,Dr. Matthew Johnson: Psychedelics for Treating Mental Disorders,2021-09-20,PT2H52M5S,556915,12044,1301
200,ADHD & How Anyone Can Improve Their Focus,2021-09-13,PT2H18M1S,6119794,138761,10931
201,"Healthy Eating & Eating Disorders - Anorexia, Bulimia, Binging",2021-09-06,PT2H16M19S,495020,12349,1037
202,"Dr. Robert Sapolsky: Science of Stress, Testosterone & Free Will",2021-08-30,PT1H29M50S,1538803,43669,3132
203,Understanding & Conquering Depression,2021-08-23,PT2H2M3S,1837025,42458,3345
204,Dr. Anna Lembke: Understanding & Treating Addiction,2021-08-16,PT2H2M32S,2389739,63444,4874
205,How to Control Your Sense of Pain & Pleasure,2021-08-09,PT2H16M12S,272423,7457,735
206,Dr. Matt Walker: The Science & Practice of Perfecting Your Sleep,2021-08-02,PT3H6M6S,2816848,53727,2930
207,How to Optimize Your Brain-Body Function & Health,2021-07-26,PT1H52M44S,359150,10493,1198
208,"Dr. Lex Fridman: Machines, Creativity & Love",2021-07-19,PT3H3M19S,1993851,17279,1998
209,"Maximizing Productivity, Physical & Mental Health with Daily Tools",2021-07-12,PT2H7M1S,719482,20881,1417
210,"The Science of Hearing, Balance & Accelerated Learning",2021-07-05,PT2H3M37S,259763,7194,910
211,Dr. Karl Deisseroth: Understanding & Healing the Mind,2021-06-28,PT2H2M6S,435109,12391,1017
212,"How Smell, Taste & Pheromone-Like Chemicals Control You",2021-06-21,PT1H59M41S,227552,6095,763
213,"The Science of Vision, Eye Health & Seeing Better",2021-06-14,PT1H49M38S,1661911,44981,3292
214,How to Build Endurance in Your Brain & Body,2021-06-07,PT2H5M30S,1364272,27179,1428
215,"Science of Muscle Growth, Increasing Strength & Muscular Recovery",2021-05-31,PT2H4M20S,5713810,112360,3933
216,How to Lose Fat with Science-Based Tools,2021-05-24,PT1H53M54S,5136444,109811,5022
217,How to Learn Skills Faster | Huberman Lab Podcast,2021-05-17,PT1H52M15S,1289338,36493,1818
218,Supercharge Exercise Performance & Recovery with Cooling,2021-05-10,PT1H23M51S,342000,11682,1547
219,Using Cortisol & Adrenaline to Boost Our Energy & Immune System Function,2021-05-03,PT1H46M38S,603490,16596,1455
220,How to Control Your Metabolism by Thyroid & Growth Hormone,2021-04-26,PT1H46M1S,850050,20603,1673
221,"How Our Hormones Control Our Hunger, Eating & Satiety",2021-04-19,PT1H39M43S,1308326,34062,2116
222,The Science of How to Optimize Testosterone & Estrogen,2021-04-12,PT2H2M47S,2171600,54543,2893
223,Reduce Anxiety & Stress with the Physiological Sigh | Huberman Lab Quantal Clip,2021-04-07,PT2M45S,669463,25001,746
224,"Biological Influences On Sex, Sex Differences & Preferences",2021-04-05,PT1H38M23S,280074,8921,1069
225,The Science of Emotions & Relationships,2021-03-29,PT1H41M2S,1733326,38682,1475
226,How to Control Stress in Real-Time | Huberman Lab Quantal Clip,2021-03-24,PT2M13S,277388,13053,528
227,How to Increase Motivation & Drive,2021-03-22,PT1H29M3S,1815352,49410,2440
228,How Foods and Nutrients Control Our Moods,2021-03-15,PT1H44M8S,1273160,34023,2154
229,Tools for Managing Stress & Anxiety,2021-03-08,PT1H38M24S,2378193,60659,2759
230,Control Pain & Heal Faster with Your Brain,2021-03-01,PT1H37M58S,436215,13366,1323
231,Optimize Your Learning & Creativity With Science-Based Tools,2021-02-22,PT1H30M35S,453259,15001,1376
232,"Using Failures, Movement & Balance to Learn Faster",2021-02-15,PT1H28M6S,1632074,50157,2957
233,How to Focus to Change Your Brain,2021-02-08,PT1H29M43S,2678687,75274,3575
234,Understanding and Using Dreams to Learn and to Forget,2021-02-01,PT1H17M50S,976935,24228,2156
235,"How to Defeat Jetlag, Shift Work & Sleeplessness",2021-01-25,PT1H50M56S,500352,13456,1475
236,"Using Science to Optimize Sleep, Learning & Metabolism",2021-01-18,PT1H41M26S,1343281,37236,2030
237,Master Your Sleep & Be More Alert When Awake,2021-01-11,PT1H22M5S,3808493,109298,5169
238,How Your Nervous System Works & Changes,2021-01-04,PT1H2M31S,1411643,57218,3107
239,Welcome to the Huberman Lab Podcast,2020-12-23,PT4M23S,1026399,17732,2453
